run,t,diagnostic_stamp,proposal_jump_deg,raw_sample_jump_deg,filtered_sample_jump_deg,raw_max_step_within_100ms_deg,recapture_exact_intent,new_proposal_error_to_filtered_deg
after_1,4.0,4.066666666,17.12979093304152,0.6539756558706912,0.01641918104126094,0.6874590107696413,False,17.116531444473225
after_1,4.333333333333333,4.4,5.000000000017401,0.12157862873813102,0.024997258740210523,0.6879214761395915,False,20.402664979899583
after_1,4.683333333333334,4.75,3.8909065666931952,0.4104560995814278,0.005134797734830731,0.6887035172131999,False,16.769179698381667
after_1,5.033333333333333,5.1,17.10647857435475,0.008817422621820626,0.019850396860122826,0.6840626068975036,False,31.48840167351169
after_1,5.683333333333334,5.75,6.3434267957748345,0.3066646079023513,0.002395313059527235,0.6868454187583818,False,33.349932594566674
after_1,6.033333333333333,6.1,3.9392068785712953,0.11257775090474502,0.024665768043131624,0.6883015416971404,False,29.58769199743181
after_1,6.383333333333334,6.45,9.373679157666771,0.4177543868899754,0.005334637074199653,0.6887119048144776,False,20.60375581652636
after_1,6.733333333333333,6.8,6.399949259530695,0.017949522096573637,0.01946260833366459,0.6850632120077216,False,24.015104559872157
after_1,7.083333333333333,7.15,7.804389890438536,0.5137674263676808,0.008081444690796802,0.6733054683374431,False,30.367146717654418
after_1,7.333333333333333,7.4,30.3639247661581,0.44812423789405537,0.034129153587835324,0.68738124773393,True,1.726359422745518e-14
after_2,4.0,4.066666666,17.131556622539453,0.6539756558706912,0.01860513256827869,0.6874590107696413,False,17.116531444473225
after_2,4.35,4.416666666,5.367478041010681,0.6565920022657787,0.02721267404306615,0.6879214761395915,False,21.810532159852855
after_2,4.716666666666667,4.783333333,3.8636507209654187,0.0,0.020282951831938813,0.6887035172131999,False,19.14384037109922
after_2,5.05,5.116666666,15.451424918613318,0.6840626068975036,0.027887089102963655,0.6840626068975036,False,31.464181648134236
after_2,5.616666666666666,5.683333333,7.69980990182894,0.0,0.006600699717315905,0.6867509194571112,False,33.38793432133834
after_2,5.966666666666667,6.033333333,3.9392068785712953,0.6716058779962587,0.014529510083416046,0.6883015416971404,False,29.57548579662373
after_2,6.316666666666666,6.383333333,9.847699509598838,0.0,0.015270407024540867,0.6842083574066129,False,20.48730478791525
after_2,6.666666666666667,6.733333333,5.000000000005263,0.6306288928408413,0.0133856768961502,0.6850632120077216,False,18.679806504019346
after_2,7.016666666666667,7.083333333,14.133148778504342,0.0,0.01229229278004702,0.6879813289903276,False,28.43731849859173
after_2,7.3,7.366666666,28.446575532218475,0.5763745194562865,0.011293857944999285,0.68738124773393,True,2.993417552989383e-14
after_3,4.0,4.066666666,17.12979093304152,0.6539756558706912,0.01641918104126094,0.6874590107696413,False,17.116531444473225
after_3,4.333333333333333,4.4,5.000000000017401,0.12157862873813102,0.024997258740210523,0.6879214761395915,False,20.402664979899583
after_3,4.7,4.766666666,9.658434685053555,0.6013261784753592,0.013206307786094577,0.6887035172131999,False,28.09154601674936
after_3,5.033333333333333,5.1,3.8636507209287516,0.008817422621820626,0.019850396860122826,0.6840626068975036,False,31.48840167351169
after_3,5.683333333333334,5.75,6.34342679576383,0.3066646079023513,0.002395313059527235,0.6868454187583818,False,31.45794001915896
after_3,6.033333333333333,6.1,3.9392068785734407,0.11257775090474502,0.024665768043131624,0.6883015416971404,False,27.723578062140415
after_3,6.4,6.466666666,9.373679157680249,0.5968203280318294,0.012963131479907042,0.6887119048144776,False,18.689960617104045
after_3,6.733333333333333,6.8,6.39994925952848,0.017949522096573637,0.01946260833366459,0.6850632120077216,False,22.015104559871105
after_3,7.1,7.166666666,7.8043898904318985,0.521047792377714,0.009245199244455861,0.6755400463562283,False,28.381954606225356
after_3,7.2,7.266666666,28.395813613566293,0.045951522579394964,0.005010519973251094,0.68738124773393,True,5.729618617148629e-14
before_1,4.316666666666666,4.383333333,7.443458264784567,0.0,0.05282740494129451,0.6879214761395915,False,20.40040387215091
before_1,4.666666666666667,4.733333333,9.658434685053555,0.49555616131318275,0.06484172129545103,0.6671659636881803,False,28.061356298356436
before_1,5.016666666666667,5.083333333,3.8636507209287516,0.0,0.045246302979097375,0.6840626068975036,False,31.491873039578934
before_1,5.683333333333334,5.75,6.34342679576383,0.3066646079023513,0.015422540856840406,0.6868454187583818,False,31.465913940396675
before_1,6.033333333333333,6.1,3.9392068785734407,0.11257775090474502,0.045813335786636926,0.6883015416971404,False,27.76290879802626
before_1,6.383333333333334,6.45,9.373679157680249,0.4177543868899754,0.00443146399249637,0.6887119048144776,False,18.65994713772338
before_1,6.733333333333333,6.8,6.39994925952848,0.017949522096573637,0.03907182525511679,0.6850632120077216,False,21.98006732050977
before_1,7.083333333333333,7.15,7.8043898904318985,0.5137674263676808,0.00671955041437783,0.6733054683374431,False,28.4155681133591
before_1,7.183333333333334,7.25,28.365681532716472,0.6755400463562283,0.05061519053184139,0.68738124773393,True,3.55016992276501e-14
before_2,4.316666666666666,4.383333333,7.443458264784567,0.0,0.05282740494129451,0.6879214761395915,False,20.40040387215091
before_2,4.666666666666667,4.733333333,9.658434685053555,0.49555616131318275,0.06484172129545103,0.6671659636881803,False,28.061356298356436
before_2,5.016666666666667,5.083333333,3.8636507209287516,0.0,0.045246302979097375,0.6840626068975036,False,31.491873039578934
before_2,5.7,5.766666666,6.34342679576383,0.6510536413526208,0.0672500510632858,0.6868454187583818,False,31.417042506874974
before_2,6.033333333333333,6.1,3.9392068785734407,0.11257775090474502,0.045813335786636926,0.6883015416971404,False,27.76290879802626
before_2,6.4,6.466666666,9.373679157680249,0.5968203280318294,0.06052791711667259,0.6887119048144776,False,18.71392821220373
before_2,6.733333333333333,6.8,6.39994925952848,0.017949522096573637,0.03907182525511679,0.6850632120077216,False,21.98006732050977
before_2,7.1,7.166666666,7.8043898904318985,0.521047792377714,0.051621347191642915,0.6755400463562283,False,28.35821593041906
before_2,7.166666666666667,7.233333333,28.41543914283149,0.22003075387767554,0.026413238295701198,0.68738124773393,True,2.6584537405581925e-14
before_3,4.316666666666666,4.383333333,7.443458264784567,0.0,0.05282740494129451,0.6879214761395915,False,20.40040387215091
before_3,4.666666666666667,4.733333333,9.658434685053555,0.49555616131318275,0.06484172129545103,0.6671659636881803,False,28.061356298356436
before_3,5.016666666666667,5.083333333,3.8636507209287516,0.0,0.045246302979097375,0.6840626068975036,False,31.491873039578934
before_3,5.683333333333334,5.75,6.34342679576383,0.3066646079023513,0.015422540856840406,0.6868454187583818,False,31.465913940396675
before_3,6.033333333333333,6.1,3.9392068785734407,0.11257775090474502,0.045813335786636926,0.6883015416971404,False,27.76290879802626
before_3,6.383333333333334,6.45,7.769329459444547,0.4177543868899754,0.00443146399249637,0.6887119048144776,False,20.591264351266002
before_3,6.733333333333333,6.8,5.384221401780643,0.017949522096573637,0.03907182525511679,0.6850632120077216,False,21.98006732050977
before_3,7.083333333333333,7.15,7.8043898904318985,0.5137674263676808,0.00671955041437783,0.6733054683374431,False,28.4155681133591
before_3,7.166666666666667,7.233333333,28.41543914283149,0.22003075387767554,0.026413238295701198,0.68738124773393,True,2.6584537405581925e-14
