step,intent_deg,refreshed,continued,reset,accepted,status,goal_deg,cmd_deg
0,0,1,0,COMMAND_CHANGE,1,TARGET_HOLD,0,0
1,1,1,1,,1,TARGET_HOLD,1,1
2,2,1,1,,1,TARGET_HOLD,2,2
3,3,1,1,,1,TARGET_HOLD,3,3
4,4,1,1,,1,TARGET_HOLD,4,4
5,5,1,1,,1,TARGET_HOLD,5,5
6,6,1,1,,1,TARGET_HOLD,6,6
7,7,1,1,,1,TARGET_HOLD,7,7
8,8,1,1,,1,TARGET_HOLD,8,8
9,9,1,1,,1,TARGET_HOLD,9,9
10,10,1,1,,1,TARGET_HOLD,10,10
11,11,1,1,,1,TARGET_HOLD,11,11
12,12,1,1,,1,TARGET_HOLD,12,12
13,13,1,1,,1,TARGET_HOLD,13,13
14,14,1,1,,1,TARGET_HOLD,14,14
15,15,1,1,,1,TARGET_HOLD,15,15
16,16,1,1,,1,TARGET_HOLD,16,16
17,17,1,1,,1,TARGET_HOLD,17,17
18,18,1,1,,1,TARGET_HOLD,18,18
19,19,1,1,,1,TARGET_HOLD,19,19
20,20,1,1,,1,TARGET_HOLD,20,20
21,35,1,0,COMMAND_CHANGE,1,TRACKING,35,18.6394
