scene,radius,credit_m,round,order,before_ms_per_four_views,after_ms_per_four_views,exact_equal
smooth,0,0.03,0,before_first,1.9132305,1.019486,1
smooth,0,0.03,1,after_first,2.011674375,0.88157175,1
smooth,0,0.03,2,before_first,1.96615,0.94074675,1
smooth,0,0.03,3,after_first,1.97729725,1.010142125,1
smooth,0,0.03,4,before_first,1.951682875,0.82357775,1
smooth,0,0.03,5,after_first,1.9154635,1.01128675,1
smooth,0,0.03,6,before_first,1.96610125,0.920082875,1
smooth,0,0.03,7,after_first,1.990554625,0.940763,1
smooth,0,0.03,8,before_first,1.959639,1.042369,1
smooth,1,0.03,0,before_first,4.45004425,2.66437725,1
smooth,1,0.03,1,after_first,4.571630375,2.514048375,1
smooth,1,0.03,2,before_first,4.506194875,2.791929375,1
smooth,1,0.03,3,after_first,4.350844125,2.5618495,1
smooth,1,0.03,4,before_first,4.24304275,1.895324375,1
smooth,1,0.03,5,after_first,3.02095725,1.88775025,1
smooth,1,0.03,6,before_first,4.28941,2.791786625,1
smooth,1,0.03,7,after_first,4.476182125,2.545681625,1
smooth,1,0.03,8,before_first,4.550697125,2.806597,1
smooth,4,0.03,0,before_first,21.11456337,3.442782625,1
smooth,4,0.03,1,after_first,21.17524625,3.750931625,1
smooth,4,0.03,2,before_first,21.42236313,3.38499275,1
smooth,4,0.03,3,after_first,19.09842825,2.707153875,1
smooth,4,0.03,4,before_first,21.35324813,3.54356075,1
smooth,4,0.03,5,after_first,21.28465675,3.58298725,1
smooth,4,0.03,6,before_first,21.124045,3.610003125,1
smooth,4,0.03,7,after_first,21.92151988,3.4750745,1
smooth,4,0.03,8,before_first,18.10058675,3.57763975,1
occlusion,0,0.03,0,before_first,1.950496875,0.892807875,1
occlusion,0,0.03,1,after_first,1.979909625,0.931627125,1
occlusion,0,0.03,2,before_first,1.977515125,1.063170625,1
occlusion,0,0.03,3,after_first,1.955649,0.853348625,1
occlusion,0,0.03,4,before_first,1.923954375,1.012487875,1
occlusion,0,0.03,5,after_first,2.028328125,0.89367575,1
occlusion,0,0.03,6,before_first,2.0101,0.933252625,1
occlusion,0,0.03,7,after_first,1.98647575,1.01406325,1
occlusion,0,0.03,8,before_first,1.990547125,0.86608025,1
occlusion,1,0.03,0,before_first,4.364819,2.781863,1
occlusion,1,0.03,1,after_first,4.548804875,2.83375925,1
occlusion,1,0.03,2,before_first,4.385789875,2.6123995,1
occlusion,1,0.03,3,after_first,4.565743,2.643184875,1
occlusion,1,0.03,4,before_first,4.564737375,2.685772375,1
occlusion,1,0.03,5,after_first,4.463368125,2.540481875,1
occlusion,1,0.03,6,before_first,4.51561625,2.786771,1
occlusion,1,0.03,7,after_first,4.4069195,2.738746875,1
occlusion,1,0.03,8,before_first,4.38390625,2.649052125,1
occlusion,4,0.03,0,before_first,19.14098188,2.507091625,1
occlusion,4,0.03,1,after_first,21.46043962,3.458159,1
occlusion,4,0.03,2,before_first,21.04153112,3.7221965,1
occlusion,4,0.03,3,after_first,19.01336213,2.513742875,1
occlusion,4,0.03,4,before_first,25.2740015,3.578485,1
occlusion,4,0.03,5,after_first,21.79841863,3.72473375,1
occlusion,4,0.03,6,before_first,20.98983138,3.744866625,1
occlusion,4,0.03,7,after_first,18.04200275,3.415902125,1
occlusion,4,0.03,8,before_first,21.07729463,3.94558125,1
missing,0,0.03,0,before_first,1.940324,0.843529,1
missing,0,0.03,1,after_first,1.9944795,1.041392125,1
missing,0,0.03,2,before_first,2.037749625,0.93599275,1
missing,0,0.03,3,after_first,1.9689115,0.962215875,1
missing,0,0.03,4,before_first,1.934990125,1.113445125,1
missing,0,0.03,5,after_first,2.03714725,0.860779,1
missing,0,0.03,6,before_first,2.04676275,1.042772125,1
missing,0,0.03,7,after_first,1.976048625,0.85589225,1
missing,0,0.03,8,before_first,2.093349,0.93416175,1
missing,1,0.03,0,before_first,3.020030625,1.924364,1
missing,1,0.03,1,after_first,4.346742625,2.03995875,1
missing,1,0.03,2,before_first,3.062827375,1.9572295,1
missing,1,0.03,3,after_first,4.731314125,2.11984,1
missing,1,0.03,4,before_first,4.591822,2.894129,1
missing,1,0.03,5,after_first,4.69518375,2.554620875,1
missing,1,0.03,6,before_first,4.76038625,2.759705125,1
missing,1,0.03,7,after_first,4.865009125,2.644498625,1
missing,1,0.03,8,before_first,4.831775375,2.624346875,1
missing,4,0.03,0,before_first,19.51242613,3.404781125,1
missing,4,0.03,1,after_first,22.83228025,3.48540775,1
missing,4,0.03,2,before_first,21.75009025,2.44768625,1
missing,4,0.03,3,after_first,19.56689612,2.49824,1
missing,4,0.03,4,before_first,16.80237062,3.21976975,1
missing,4,0.03,5,after_first,22.6920755,3.522528625,1
missing,4,0.03,6,before_first,22.5041035,3.5085875,1
missing,4,0.03,7,after_first,22.47358362,3.599313,1
missing,4,0.03,8,before_first,22.46974275,3.416238875,1
