case,repeat,frames,ingest_cpu_ms,track_digest,decision_digest,tracks
16,0,160,0.198,16476721640792384721,15977236488964918268,32
16,1,160,0.183,16476721640792384721,15977236488964918268,32
16,2,160,0.185,16476721640792384721,15977236488964918268,32
16,3,160,0.18,16476721640792384721,15977236488964918268,32
16,4,160,0.179,16476721640792384721,15977236488964918268,32
64,0,160,0.967,6582443033672140173,3065306952223636965,128
64,1,160,0.975,6582443033672140173,3065306952223636965,128
64,2,160,0.983,6582443033672140173,3065306952223636965,128
64,3,160,0.953,6582443033672140173,3065306952223636965,128
64,4,160,0.93,6582443033672140173,3065306952223636965,128
256,0,160,5.445,7625951940522779521,3159701343369708574,524
256,1,160,5.544,7625951940522779521,3159701343369708574,524
256,2,160,6.522,7625951940522779521,3159701343369708574,524
256,3,160,5.283,7625951940522779521,3159701343369708574,524
256,4,160,5.455,7625951940522779521,3159701343369708574,524
900,0,160,46.042,7059258895754305456,0,2239
900,1,160,44.706,7059258895754305456,0,2239
900,2,160,44.144,7059258895754305456,0,2239
900,3,160,34.44,7059258895754305456,0,2239
900,4,160,36.91,7059258895754305456,0,2239
