mode,frame,boundary_deg,selected_yaw_deg,intent_error_rad,certificates
0,0,8.0999999999999996,9.2038124422056757,0.1606368308525094,14
0,1,8.4000000000000004,9.2038124422056757,0.1606368308525094,14
0,2,8.6999999999999993,9.2038124422056757,0.1606368308525094,14
0,3,9,9.2038124422056757,0.1606368308525094,14
0,4,9.2999999999999989,10.513109341305011,0.18348837262794532,14
0,5,9.5999999999999996,10.524378857165749,0.18368506278482039,14
0,6,9.8999999999999986,10.524378857165749,0.18368506278482039,14
0,7,10.199999999999999,10.524378857165749,0.18368506278482039,14
0,8,10.5,10.524378857165749,0.18368506278482039,14
0,9,10.799999999999999,12.019590873545773,0.20978143548603526,14
0,10,11.1,12.019590873545773,0.20978143548603526,14
0,11,11.399999999999999,12.019590873545773,0.20978143548603526,14
0,12,11.699999999999999,12.019590873545773,0.20978143548603526,14
0,13,12,12.019590873545773,0.20978143548603526,14
0,14,12.300000000000001,14.017079204787205,0.24464418363636548,14
0,15,12.6,14.017079204787205,0.24464418363636548,14
0,16,12.899999999999999,14.017079204787205,0.24464418363636548,14
0,17,13.199999999999999,14.017079204787205,0.24464418363636548,14
0,18,13.5,14.017079204787205,0.24464418363636548,14
0,19,13.800000000000001,14.017079204787205,0.24464418363636548,14
0,20,14.1,15.999999999999998,0.27925268031909262,14
0,21,14.399999999999999,15.999999999999998,0.27925268031909262,14
0,22,14.699999999999999,15.999999999999998,0.27925268031909262,14
0,23,15,15.999999999999998,0.27925268031909262,14
0,24,15.299999999999999,15.999999999999998,0.27925268031909262,14
0,25,15.6,15.999999999999998,0.27925268031909262,14
0,26,15.899999999999999,15.999999999999998,0.27925268031909262,14
0,27,16.199999999999999,18.066524724887451,0.31532034084224886,26
0,28,16.5,18.066524724887451,0.31532034084224886,26
0,29,16.799999999999997,18.066524724887451,0.31532034084224886,26
0,30,17.100000000000001,18.066524724887451,0.31532034084224886,26
0,31,17.399999999999999,18.066524724887451,0.31532034084224886,26
0,32,17.699999999999999,18.066524724887451,0.31532034084224886,26
0,33,18,18.066524724887451,0.31532034084224886,26
0,34,18.299999999999997,21.057727843347514,0.36752668385529874,26
0,35,18.600000000000001,21.057727843347514,0.36752668385529874,26
0,36,18.899999999999999,21.057727843347514,0.36752668385529874,26
0,37,19.199999999999999,21.057727843347514,0.36752668385529874,26
0,38,19.5,21.057727843347514,0.36752668385529874,26
0,39,19.799999999999997,21.057727843347514,0.36752668385529874,26
1,0,8.0999999999999996,8.2038124422056775,0.14318353833256636,18
1,1,8.4000000000000004,8.7038124422056757,0.15191018459253766,17
1,2,8.6999999999999993,8.7038124422056757,0.15191018459253766,17
1,3,9,9.2038124422056757,0.1606368308525094,19
1,4,9.2999999999999989,9.5131093413050092,0.16603508010800117,18
1,5,9.5999999999999996,10.013109341305009,0.17476172636797316,18
1,6,9.8999999999999986,10.013109341305009,0.17476172636797316,17
1,7,10.199999999999999,10.513109341305011,0.18348837262794532,19
1,8,10.5,10.524378857165749,0.18368506278482039,20
1,9,10.799999999999999,11.019590873545773,0.1923281429660918,18
1,10,11.1,11.519590873545772,0.20105478922606365,18
1,11,11.399999999999999,11.519590873545772,0.20105478922606365,18
1,12,11.699999999999999,12.019590873545773,0.20978143548603526,20
1,13,12,12.019590873545773,0.20978143548603526,20
1,14,12.300000000000001,12.517079204787203,0.21846424485645025,16
1,15,12.6,13.017079204787205,0.22719089111642191,18
1,16,12.899999999999999,13.017079204787205,0.22719089111642191,18
1,17,13.199999999999999,13.517079204787205,0.23591753737639343,18
1,18,13.5,13.517079204787205,0.23591753737639343,18
1,19,13.800000000000001,14.017079204787205,0.24464418363636548,20
1,20,14.1,14.499999999999996,0.25307274153917747,16
1,21,14.399999999999999,14.499999999999996,0.25307274153917747,16
1,22,14.699999999999999,14.999999999999996,0.26179938779914935,18
1,23,15,15.499999999999993,0.27052603405912085,18
1,24,15.299999999999999,15.499999999999993,0.27052603405912085,18
1,25,15.6,15.999999999999998,0.27925268031909262,20
1,26,15.899999999999999,15.999999999999998,0.27925268031909262,20
1,27,16.199999999999999,16.566524724887451,0.28914040206233388,28
1,28,16.5,16.566524724887451,0.28914040206233388,28
1,29,16.799999999999997,17.066524724887451,0.29786704832230537,30
1,30,17.100000000000001,17.566524724887451,0.30659369458227709,30
1,31,17.399999999999999,17.566524724887451,0.30659369458227709,30
1,32,17.699999999999999,18.066524724887451,0.31532034084224886,32
1,33,18,18.066524724887451,0.31532034084224886,32
1,34,18.299999999999997,19.557727843347514,0.34134674507538376,28
1,35,18.600000000000001,19.557727843347514,0.34134674507538376,28
1,36,18.899999999999999,19.557727843347514,0.34134674507538376,28
1,37,19.199999999999999,19.557727843347514,0.34134674507538376,28
1,38,19.5,19.557727843347514,0.34134674507538376,28
1,39,19.799999999999997,20.057727843347514,0.35007339133535559,30
