case,t,qx,qy,qz,vx,vy,vz,error_deg,changed,reset,status
90,1,1,0,0,0.024,    0,    0,0,1,COMMAND_CHANGE,TARGET_HOLD
90,1.02,1,0,0,0.048,    0,    0,0,0,,TARGET_HOLD
90,1.04,1,0,0,0.072,    0,    0,0,0,,TARGET_HOLD
90,1.06,1,0,0,0.096,    0,    0,0,0,,TARGET_HOLD
90,1.08,1,0,0,0.12,   0,   0,0,0,,TARGET_HOLD
90,1.1,1,0,0,0.144,    0,    0,0,0,,TARGET_HOLD
90,1.12,1,0,0,0.168,    0,    0,0,0,,TARGET_HOLD
90,1.14,1,0,0,0.192,    0,    0,0,0,,TARGET_HOLD
90,1.16,1,0,0,0.216,    0,    0,0,0,,TARGET_HOLD
90,1.18,1,0,0,0.24,   0,   0,0,0,,TARGET_HOLD
90,1.2,1,0,0,0.264,    0,    0,0,0,,TARGET_HOLD
90,1.22,1,0,0,0.288,    0,    0,0,0,,TARGET_HOLD
90,1.24,1,0,0,0.312,    0,    0,0,0,,TARGET_HOLD
90,1.26,1,0,0,0.336,    0,    0,0,0,,TARGET_HOLD
90,1.28,1,0,0,0.36,   0,   0,0,0,,TARGET_HOLD
90,1.3,1,0,0,0.384,    0,    0,0,0,,TARGET_HOLD
90,1.32,1,0,0,0.408,    0,    0,0,0,,TARGET_HOLD
90,1.34,1,0,0,0.432,    0,    0,0,0,,TARGET_HOLD
90,1.36,1,0,0,0.456,    0,    0,0,0,,TARGET_HOLD
90,1.38,1,0,0,0.48,   0,   0,0,0,,TARGET_HOLD
90,1.4,1,0,0,0.504,    0,    0,0,0,,TARGET_HOLD
90,1.42,1,0,0,0.528,    0,    0,0,0,,TARGET_HOLD
90,1.44,1,0,0,0.552,    0,    0,0,0,,TARGET_HOLD
90,1.46,1,0,0,0.576,    0,    0,0,0,,TARGET_HOLD
90,1.48,1,0,0,0.6,  0,  0,0,0,,TARGET_HOLD
90,1.5,1,0,0,0.624,    0,    0,0,0,,TARGET_HOLD
90,1.52,1,0,0,0.648,    0,    0,0,0,,TARGET_HOLD
90,1.54,1,0,0,0.672,    0,    0,0,0,,TARGET_HOLD
90,1.56,1,0,0,0.696,    0,    0,0,0,,TARGET_HOLD
90,1.58,1,0,0,0.72,   0,   0,0,0,,TARGET_HOLD
90,1.6,1,0,0,0.744,    0,    0,0,0,,TARGET_HOLD
90,1.62,1,0,0,0.767272727273,             0,             0,0,0,,TARGET_HOLD
90,1.64,1,0,0,0.788429752066,             0,             0,0,0,,TARGET_HOLD
90,1.66,1,0,0,0.807663410969,             0,             0,0,0,,TARGET_HOLD
90,1.68,1,0,0,0.825148555427,             0,             0,0,0,,TARGET_HOLD
90,1.7,1,0,0,0.841044141297,             0,             0,0,0,,TARGET_HOLD
90,1.72,1,0,0,0.855494673906,             0,             0,0,0,,TARGET_HOLD
90,1.74,1,0,0,0.868631521733,             0,             0,0,0,,TARGET_HOLD
90,1.76,1,0,0,0.880574110666,             0,             0,0,0,,TARGET_HOLD
90,1.78,1,0,0,0.891431009697,             0,             0,0,0,,TARGET_HOLD
90,1.8,1,0,0,0.901300917906,             0,             0,0,0,,TARGET_HOLD
90,1.82,1,0,0,0.910273561733,             0,             0,0,0,,TARGET_HOLD
90,1.84,1,0,0,0.918430510666,             0,             0,0,0,,TARGET_HOLD
90,1.86,1,0,0,0.925845918787,             0,             0,0,0,,TARGET_HOLD
90,1.88,1,0,0,0.932587198898,             0,             0,0,0,,TARGET_HOLD
90,1.9,1,0,0,0.938715635361,             0,             0,0,0,,TARGET_HOLD
90,1.92,1,0,0,0.944286941238,             0,             0,0,0,,TARGET_HOLD
90,1.94,1,0,0,0.949351764762,             0,             0,0,0,,TARGET_HOLD
90,1.96,1,0,0,0.953956149783,             0,             0,0,0,,TARGET_HOLD
90,1.98,1,0,0,0.958141954348,             0,             0,0,0,,TARGET_HOLD
90,2,1,0,0,0.961947231226,             0,             0,0,0,,TARGET_HOLD
90,2.02,1,0,0,0.965406573842,             0,             0,0,0,,TARGET_HOLD
90,2.04,1,0,0,0.968551430765,             0,             0,0,0,,TARGET_HOLD
90,2.06,1,0,0,0.971410391605,             0,             0,0,0,,TARGET_HOLD
90,2.08,1,0,0,0.974009446913,             0,             0,0,0,,TARGET_HOLD
90,2.1,1,0,0,0.976372224467,             0,             0,0,0,,TARGET_HOLD
90,2.12,1,0,0,0.978520204061,             0,             0,0,0,,TARGET_HOLD
90,2.14,1,0,0,0.980472912782,             0,             0,0,0,,TARGET_HOLD
90,2.16,1,0,0,0.982248102529,             0,             0,0,0,,TARGET_HOLD
90,2.18,1,0,0,0.98386191139,            0,            0,0,0,,TARGET_HOLD
90,2.2,1,0,0,0.985329010355,             0,             0,0,0,,TARGET_HOLD
90,2.22,1,0,0,0.986662736686,             0,             0,0,0,,TARGET_HOLD
90,2.24,1,0,0,0.987875215169,             0,             0,0,0,,TARGET_HOLD
90,2.26,1,0,0,0.988977468336,             0,             0,0,0,,TARGET_HOLD
90,2.28,1,0,0,0.989979516669,             0,             0,0,0,,TARGET_HOLD
90,2.3,1,0,0,0.990890469699,             0,             0,0,0,,TARGET_HOLD
90,2.32,1,0,0,0.991718608817,             0,             0,0,0,,TARGET_HOLD
90,2.34,1,0,0,0.992471462561,             0,             0,0,0,,TARGET_HOLD
90,2.36,1,0,0,0.993155875056,             0,             0,0,0,,TARGET_HOLD
90,2.38,1,0,0,0.993778068232,             0,             0,0,0,,TARGET_HOLD
90,2.4,1,0,0,0.994343698393,             0,             0,0,0,,TARGET_HOLD
90,2.42,1,0,0,0.99485790763,            0,            0,0,0,,TARGET_HOLD
90,2.44,1,0,0,0.995325370573,             0,             0,0,0,,TARGET_HOLD
90,2.46,1,0,0,0.995750336884,             0,             0,0,0,,TARGET_HOLD
90,2.48,1,0,0,0.996136669895,             0,             0,0,0,,TARGET_HOLD
90,2.5,1,0,0,0.996487881723,             0,             0,0,0,,TARGET_HOLD
90,2.52,1,0,0,0.996807165202,             0,             0,0,0,,TARGET_HOLD
90,2.54,1,0,0,0.997097422911,             0,             0,0,0,,TARGET_HOLD
90,2.56,1,0,0,0.997361293556,             0,             0,0,0,,TARGET_HOLD
90,2.58,1,0,0,0.99760117596,            0,            0,0,0,,TARGET_HOLD
90,2.6,1,0,0,0.997819250872,             0,             0,0,0,,TARGET_HOLD
90,2.62,1,0,0,0.998017500793,             0,             0,0,0,,TARGET_HOLD
90,2.64,1,0,0,0.998197727994,             0,             0,0,0,,TARGET_HOLD
90,2.66,1,0,0,0.998361570903,             0,             0,0,0,,TARGET_HOLD
90,2.68,1,0,0,0.998510519003,             0,             0,0,0,,TARGET_HOLD
90,2.7,1,0,0,0.998645926366,             0,             0,0,0,,TARGET_HOLD
90,2.72,1,0,0,0.99876902397,            0,            0,0,0,,TARGET_HOLD
90,2.74,1,0,0,0.998880930881,             0,             0,0,0,,TARGET_HOLD
90,2.76,1,0,0,0.998982664438,             0,             0,0,0,,TARGET_HOLD
90,2.78,1,0,0,0.999075149489,             0,             0,0,0,,TARGET_HOLD
90,2.8,1,0,0,0.999159226808,             0,             0,0,0,,TARGET_HOLD
90,2.82,1,0,0,0.999235660734,             0,             0,0,0,,TARGET_HOLD
90,2.84,1,0,0,0.999305146122,             0,             0,0,0,,TARGET_HOLD
90,2.86,1,0,0,0.999368314657,             0,             0,0,0,,TARGET_HOLD
90,2.88,1,0,0,0.999425740597,             0,             0,0,0,,TARGET_HOLD
90,2.9,1,0,0,0.999477945997,             0,             0,0,0,,TARGET_HOLD
90,2.92,1,0,0,0.999525405452,             0,             0,0,0,,TARGET_HOLD
90,2.94,1,0,0,0.999568550411,             0,             0,0,0,,TARGET_HOLD
90,2.96,1,0,0,0.999607773101,             0,             0,0,0,,TARGET_HOLD
90,2.98,1,0,0,0.999643430092,             0,             0,0,0,,TARGET_HOLD
90,3,6.12323399574e-17,                1,                0,   0.999646626163,  0.0017136472916,-0.00154115959073,89.9018,1,COMMAND_CHANGE,REFERENCE_INITIALIZATION
90,3.02,6.12323399574e-17,                1,                0,   0.999643980586, 0.00342718537555,-0.00308222096614,89.8036,0,,REFERENCE_INITIALIZATION
90,3.04,6.12323399574e-17,                1,                0,   0.999635543223, 0.00514058532196,-0.00462315810829,89.7054,0,,REFERENCE_INITIALIZATION
90,3.06,6.12323399574e-17,                1,                0,    0.99962135977, 0.00685381844462,-0.00616394521838,89.6072,0,,REFERENCE_INITIALIZATION
90,3.08,6.12323399574e-17,                1,                0,   0.999601472159, 0.00856685627553,-0.00770455669388,89.509,0,,REFERENCE_INITIALIZATION
90,3.1,6.12323399574e-17,                1,                0,   0.999575882827,  0.0102803471918,-0.00924567801909,89.4108,0,CONTINUATION_INFEASIBLE,REFERENCE_INITIALIZATION
90,3.12,6.12323399574e-17,                1,                0,  0.999544656098, 0.0119936771222,-0.0107866545559,89.3126,0,,REFERENCE_INITIALIZATION
90,3.14,6.12323399574e-17,                1,                0,   0.9995078239,0.0137068180404,-0.012327461097,89.2144,0,,REFERENCE_INITIALIZATION
90,3.16,6.12323399574e-17,                1,                0,  0.999465415668,  0.015419742056,-0.0138680725579,89.1162,0,,REFERENCE_INITIALIZATION
90,3.18,6.12323399574e-17,                1,                0,  0.999417458583, 0.0171324214022,-0.0154084639649,89.018,0,,REFERENCE_INITIALIZATION
90,3.2,6.12323399574e-17,                1,                0,  0.999363930436, 0.0188454028621,-0.0169494342256,88.9198,0,CONTINUATION_INFEASIBLE,REFERENCE_INITIALIZATION
90,3.22,6.12323399574e-17,                1,                0,  0.999304893298, 0.0205581750518,-0.0184902162501,88.8217,0,,REFERENCE_INITIALIZATION
90,3.24,6.12323399574e-17,                1,                0,  0.999240368119, 0.0222707104189,-0.0200307852526,88.7235,0,,REFERENCE_INITIALIZATION
90,3.26,6.12323399574e-17,                1,                0,  0.999170374385, 0.0239829814903,-0.0215711165185,88.6253,0,,REFERENCE_INITIALIZATION
90,3.28,6.12323399574e-17,                1,                0,  0.999094930275, 0.0256949608658,-0.0231111853991,88.5272,0,,REFERENCE_INITIALIZATION
90,3.3,6.12323399574e-17,                1,                0,  0.999013994164, 0.0274070932565,-0.0246519039133,88.429,0,CONTINUATION_INFEASIBLE,REFERENCE_INITIALIZATION
90,3.32,6.12323399574e-17,                1,                0,  0.998927630615, 0.0291189698749,-0.0261923923237,88.3309,0,,REFERENCE_INITIALIZATION
90,3.34,6.12323399574e-17,                1,                0,  0.998835853915, 0.0308305634151,-0.0277326260579,88.2327,0,,REFERENCE_INITIALIZATION
90,3.36,6.12323399574e-17,                1,                0,   0.99873867753,  0.032541846621,-0.0292725805886,88.1346,0,,REFERENCE_INITIALIZATION
90,3.38,6.12323399574e-17,                1,                0,  0.998636114207, 0.0342527922845,-0.0308122314317,88.0365,0,,REFERENCE_INITIALIZATION
90,3.4,6.12323399574e-17,                1,                0,  0.998528176054, 0.0359633732442,-0.0323515541448,87.9384,0,,REFERENCE_INITIALIZATION
90,3.42,6.12323399574e-17,                1,                0,  0.998414782661, 0.0376740476101,-0.0338918458673,87.8403,0,CONTINUATION_INFEASIBLE,REFERENCE_INITIALIZATION
90,3.44,6.12323399574e-17,                1,                0,  0.998296022808, 0.0393844115164,-0.0354318582128,87.7422,0,,REFERENCE_INITIALIZATION
90,3.46,6.12323399574e-17,                1,                0,  0.998171906224, 0.0410944378052,-0.0369715667279,87.6441,0,,REFERENCE_INITIALIZATION
90,3.48,6.12323399574e-17,                1,                0,  0.998042442274, 0.0428040993528,-0.0385109469903,87.546,0,,REFERENCE_INITIALIZATION
90,3.5,6.12323399574e-17,                1,                0,   0.99790764002, 0.0445133690705,-0.0400499746091,87.448,0,,REFERENCE_INITIALIZATION
90,3.52,6.12323399574e-17,                1,                0,  0.997767424893,  0.046222465852,-0.0415898098475,87.3499,0,CONTINUATION_INFEASIBLE,REFERENCE_INITIALIZATION
90,3.54,6.12323399574e-17,                1,                0,  0.997621875734, 0.0479312070132,-0.0431293249791,87.2519,0,,REFERENCE_INITIALIZATION
90,3.56,6.12323399574e-17,                1,                0,  0.997471000211, 0.0496395654633,-0.0446684955957,87.1538,0,,REFERENCE_INITIALIZATION
90,3.58,6.12323399574e-17,                1,                0,  0.997314805855, 0.0513475141414,-0.0462072973163,87.0558,0,,REFERENCE_INITIALIZATION
90,3.6,6.12323399574e-17,                1,                0,  0.997153300099, 0.0530550260178,-0.0477457057877,86.9578,0,,REFERENCE_INITIALIZATION
90,3.62,6.12323399574e-17,                1,                0,  0.996986395715, 0.0547622168071,-0.0492849939452,86.8599,0,CONTINUATION_INFEASIBLE,REFERENCE_INITIALIZATION
90,3.64,6.12323399574e-17,                1,                0,  0.996814180084, 0.0564690069771,-0.0508239213721,86.7619,0,,REFERENCE_INITIALIZATION
90,3.66,6.12323399574e-17,                1,                0,  0.996636659754,  0.058175369485,-0.0523624636847,86.6639,0,,REFERENCE_INITIALIZATION
90,3.68,6.12323399574e-17,                1,                0,  0.996453841275, 0.0598812773166,-0.0539005965255,86.566,0,,REFERENCE_INITIALIZATION
90,3.7,6.12323399574e-17,                1,                0,  0.996265731227, 0.0615867034886,-0.0554382955645,86.4681,0,,REFERENCE_INITIALIZATION
90,3.72,6.12323399574e-17,                1,                0,  0.996072230461, 0.0632916601891,-0.0569769463234,86.3702,0,CONTINUATION_INFEASIBLE,REFERENCE_INITIALIZATION
90,3.74,6.12323399574e-17,                1,                0,   0.99587343551, 0.0649961713511,-0.0585151957545,86.2723,0,,REFERENCE_INITIALIZATION
90,3.76,6.12323399574e-17,                1,                0,  0.995669352386, 0.0667002099742,-0.0600530194906,86.1744,0,,REFERENCE_INITIALIZATION
90,3.78,6.12323399574e-17,                1,                0,  0.995459987191,  0.068403749088,-0.0615903931914,86.0765,0,,REFERENCE_INITIALIZATION
90,3.8,6.12323399574e-17,                1,                0,  0.995245346131, 0.0701067617535,-0.0631272925455,85.9787,0,,REFERENCE_INITIALIZATION
90,3.82,6.12323399574e-17,                1,                0,  0.995025435531,  0.071809221066,-0.0646636932718,85.8809,0,,REFERENCE_INITIALIZATION
90,3.84,6.12323399574e-17,                1,                0,  0.994800109939,  0.073511063768,-0.0662014599224,85.7831,0,CONTINUATION_INFEASIBLE,REFERENCE_INITIALIZATION
90,3.86,6.12323399574e-17,                1,                0,  0.994569506557,  0.075212407104,-0.0677387765341,85.6853,0,,REFERENCE_INITIALIZATION
90,3.88,6.12323399574e-17,                1,                0,  0.994333631208, 0.0769132241271,-0.0692756187574,85.5875,0,,REFERENCE_INITIALIZATION
90,3.9,6.12323399574e-17,                1,                0,  0.994092489864, 0.0786134879223,-0.0708119622718,85.4898,0,,REFERENCE_INITIALIZATION
90,3.92,6.12323399574e-17,                1,                0,  0.993846088664, 0.0803131716089,-0.0723477827875,85.3921,0,,REFERENCE_INITIALIZATION
90,3.94,6.12323399574e-17,                1,                0, 0.993594303675,0.0820120582747,-0.073884713202,85.2944,0,CONTINUATION_INFEASIBLE,REFERENCE_INITIALIZATION
90,3.96,6.12323399574e-17,                1,                0,  0.993337252624, 0.0837104007698,-0.0754211529651,85.1967,0,,REFERENCE_INITIALIZATION
90,3.98,6.12323399574e-17,                1,                0, 0.993074941418,0.0854081721981,-0.076957077744,85.0991,0,,REFERENCE_INITIALIZATION
90,4,6.12323399574e-17,                1,                0, 0.992807376151,0.0871053456975,-0.078492463237,85.0014,0,,REFERENCE_INITIALIZATION
90,4.02,6.12323399574e-17,                1,                0,  0.992534563103, 0.0888018944426,-0.0800272851751,84.9038,0,,REFERENCE_INITIALIZATION
90,4.04,6.12323399574e-17,                1,                0,  0.992256367473,  0.090497496693,-0.0815632887599,84.8062,0,CONTINUATION_INFEASIBLE,REFERENCE_INITIALIZATION
90,4.06,6.12323399574e-17,                1,                0,  0.991972916825, 0.0921925100344,-0.0830987610782,84.7087,0,,REFERENCE_INITIALIZATION
90,4.08,6.12323399574e-17,                1,                0,   0.99168421728,  0.093886907628,-0.0846336778164,84.6112,0,,REFERENCE_INITIALIZATION
90,4.1,6.12323399574e-17,                1,                0,  0.991390275163, 0.0955806626713,-0.0861680146941,84.5136,0,,REFERENCE_INITIALIZATION
90,4.12,6.12323399574e-17,                1,                0,  0.991091096999, 0.0972737484005,-0.0877017474658,84.4162,0,,REFERENCE_INITIALIZATION
90,4.14,6.12323399574e-17,                1,                0,   0.99078653728, 0.0989657377712,-0.0892367335378,84.3187,0,CONTINUATION_INFEASIBLE,REFERENCE_INITIALIZATION
90,4.16,6.12323399574e-17,                1,                0,  0.990476733428,  0.100657093577,-0.0907711477337,84.2213,0,,REFERENCE_INITIALIZATION
90,4.18,6.12323399574e-17,                1,                0,  0.990161691856,  0.102347789042,-0.0923049657622,84.1239,0,,REFERENCE_INITIALIZATION
90,4.2,6.12323399574e-17,                1,                0, 0.989841419187,  0.10403779743,-0.093838163367,84.0265,0,,REFERENCE_INITIALIZATION
90,4.22,6.12323399574e-17,                1,                0,  0.989515922258,  0.105727092046,-0.0953707163284,83.9292,0,,REFERENCE_INITIALIZATION
90,4.24,6.12323399574e-17,                1,                0,  0.989185208126,  0.107415646238,-0.0969026004661,83.8318,0,,REFERENCE_INITIALIZATION
90,4.26,6.12323399574e-17,                1,                0,  0.988849073237,  0.109102866511,-0.0984362458117,83.7346,0,CONTINUATION_INFEASIBLE,REFERENCE_INITIALIZATION
90,4.28,6.12323399574e-17,                1,                0,  0.988507707628,   0.11078939977,-0.0999692705855,83.6373,0,,REFERENCE_INITIALIZATION
90,4.3,6.12323399574e-17,                1,                0,  0.98816111811, 0.112475219325,-0.101501650525,83.5401,0,,REFERENCE_INITIALIZATION
90,4.32,6.12323399574e-17,                1,                0, 0.987809311711, 0.114160298527,-0.103033361406,83.4429,0,,REFERENCE_INITIALIZATION
90,4.34,6.12323399574e-17,                1,                0, 0.987452295686, 0.115844610769,-0.104564379043,83.3457,0,,REFERENCE_INITIALIZATION
90,4.36,6.12323399574e-17,                1,                0,  0.98709007751, 0.117528129492,-0.106094679291,83.2486,0,,REFERENCE_INITIALIZATION
90,4.38,6.12323399574e-17,                1,                0,  0.98672243754, 0.119210107681,-0.107626853309,83.1515,0,CONTINUATION_INFEASIBLE,REFERENCE_INITIALIZATION
90,4.4,6.12323399574e-17,                1,                0, 0.986349580777, 0.120891345569,-0.109158358092,83.0544,0,,REFERENCE_INITIALIZATION
90,4.42,6.12323399574e-17,                1,                0,0.985971514474,0.122571816562,-0.11068916941,82.9574,0,,REFERENCE_INITIALIZATION
90,4.44,6.12323399574e-17,                1,                0, 0.985588246105, 0.124251494105,-0.112219263073,82.8604,0,,REFERENCE_INITIALIZATION
90,4.46,6.12323399574e-17,                1,                0, 0.985199783372, 0.125930351691,-0.113748614933,82.7634,0,,REFERENCE_INITIALIZATION
90,4.48,6.12323399574e-17,                1,                0, 0.984805945322, 0.127607600252,-0.115279463018,82.6665,0,CONTINUATION_INFEASIBLE,REFERENCE_INITIALIZATION
90,4.5,6.12323399574e-17,                1,                0, 0.984406902536, 0.129284064242,-0.116809601333,82.5696,0,,REFERENCE_INITIALIZATION
90,4.52,6.12323399574e-17,                1,                0, 0.984002662658, 0.130959717148,-0.118339005676,82.4727,0,,REFERENCE_INITIALIZATION
90,4.54,6.12323399574e-17,                1,                0, 0.983593233562, 0.132634532505,-0.119867651892,82.3759,0,,REFERENCE_INITIALIZATION
90,4.56,6.12323399574e-17,                1,                0, 0.983178623347, 0.134308483895,-0.121395515865,82.2791,0,,REFERENCE_INITIALIZATION
90,4.58,6.12323399574e-17,                1,                0, 0.982758840339, 0.135981544951,-0.122922573529,82.1823,0,,REFERENCE_INITIALIZATION
90,4.6,6.12323399574e-17,                1,                0, 0.982333635978, 0.137652684442,-0.124451710893,82.0856,0,CONTINUATION_INFEASIBLE,REFERENCE_INITIALIZATION
90,4.62,6.12323399574e-17,                1,                0,  0.98190324227, 0.139322986437,-0.125980089913,81.989,0,,REFERENCE_INITIALIZATION
90,4.64,6.12323399574e-17,                1,                0, 0.981467667332, 0.140992424534,-0.127507686429,81.8923,0,,REFERENCE_INITIALIZATION
90,4.66,6.12323399574e-17,                1,                0,  0.98102691951, 0.142660972377,-0.129034476323,81.7957,0,,REFERENCE_INITIALIZATION
90,4.68,6.12323399574e-17,                1,                0, 0.980581007378, 0.144328603664,-0.130560435523,81.6992,0,,REFERENCE_INITIALIZATION
90,4.7,6.12323399574e-17,                1,                0, 0.980129727875, 0.145994291295,-0.132088047565,81.6027,0,CONTINUATION_INFEASIBLE,REFERENCE_INITIALIZATION
90,4.72,6.12323399574e-17,                1,                0, 0.979673272421, 0.147659097486,-0.133614860814,81.5062,0,,REFERENCE_INITIALIZATION
90,4.74,6.12323399574e-17,                1,                0, 0.979211649541, 0.149322995931,-0.135140851142,81.4098,0,,REFERENCE_INITIALIZATION
90,4.76,6.12323399574e-17,                1,                0,  0.97874486799, 0.150985960376,-0.136665994469,81.3134,0,,REFERENCE_INITIALIZATION
90,4.78,6.12323399574e-17,                1,                0, 0.978272936749,  0.15264796462,-0.138190266761,81.217,0,,REFERENCE_INITIALIZATION
90,4.8,6.12323399574e-17,                1,                0, 0.977795642966, 0.154307872255,-0.139716262931,81.1207,0,CONTINUATION_INFEASIBLE,REFERENCE_INITIALIZATION
90,4.82,6.12323399574e-17,                1,                0, 0.977313187302, 0.155966854674,-0.141241419906,81.0245,0,,REFERENCE_INITIALIZATION
90,4.84,6.12323399574e-17,                1,                0, 0.976825578693, 0.157624885675,-0.142765713594,80.9283,0,,REFERENCE_INITIALIZATION
90,4.86,6.12323399574e-17,                1,                0, 0.976332826302, 0.159281939109,-0.144289119951,80.8321,0,,REFERENCE_INITIALIZATION
90,4.88,6.12323399574e-17,                1,                0, 0.975834939517, 0.160937988879,-0.145811614985,80.7359,0,,REFERENCE_INITIALIZATION
90,4.9,6.12323399574e-17,                1,                0, 0.975331927955, 0.162593008949,-0.147333174753,80.6398,0,,REFERENCE_INITIALIZATION
90,4.92,6.12323399574e-17,                1,                0, 0.974823502586, 0.164245547551,-0.148857112693,80.5438,0,CONTINUATION_INFEASIBLE,REFERENCE_INITIALIZATION
90,4.94,6.12323399574e-17,                1,                0, 0.974309933229, 0.165897108654,-0.150380163046,80.4478,0,,REFERENCE_INITIALIZATION
90,4.96,6.12323399574e-17,                1,                0, 0.973791229299, 0.167547666186,-0.151902301764,80.3519,0,,REFERENCE_INITIALIZATION
90,4.98,6.12323399574e-17,                1,                0,0.973267400439,0.169197194128,-0.15342350485,80.256,0,,REFERENCE_INITIALIZATION
90,5,6.12323399574e-17,                1,                0,0.972738456517, 0.17084566652,-0.15494374836,80.1601,0,,REFERENCE_INITIALIZATION
90,5.02,6.12323399574e-17,                1,                0,0.972204163783,0.172491703863,-0.15646587167,80.0643,0,CONTINUATION_INFEASIBLE,REFERENCE_INITIALIZATION
90,5.04,6.12323399574e-17,                1,                0, 0.971664742583, 0.174136720328,-0.157987067099,79.9686,0,,REFERENCE_INITIALIZATION
90,5.06,6.12323399574e-17,                1,                0, 0.971120202743, 0.175780689957,-0.159507310641,79.8729,0,,REFERENCE_INITIALIZATION
90,5.08,6.12323399574e-17,                1,                0,0.970570554315, 0.17742358685,-0.16102657834,79.7773,0,,REFERENCE_INITIALIZATION
90,5.1,6.12323399574e-17,                1,                0, 0.970015807579, 0.179065385165,-0.162544846293,79.6816,0,,REFERENCE_INITIALIZATION
90,5.12,6.12323399574e-17,                1,                0, 0.969455973037,  0.18070605912,-0.164062090654,79.586,0,,REFERENCE_INITIALIZATION
90,5.14,6.12323399574e-17,                1,                0,  0.96889073523, 0.182343862331,-0.165581917585,79.4906,0,CONTINUATION_INFEASIBLE,REFERENCE_INITIALIZATION
90,5.16,6.12323399574e-17,                1,                0, 0.968320388609, 0.183980592887,-0.167100768388,79.3952,0,,REFERENCE_INITIALIZATION
90,5.18,6.12323399574e-17,                1,                0, 0.967744943482, 0.185616224974,-0.168618619103,79.2998,0,,REFERENCE_INITIALIZATION
90,5.2,6.12323399574e-17,                1,                0, 0.967164410381, 0.187250732837,-0.170135445824,79.2044,0,,REFERENCE_INITIALIZATION
90,5.22,6.12323399574e-17,                1,                0, 0.966578800063, 0.188884090781,-0.171651224703,79.1091,0,,REFERENCE_INITIALIZATION
90,5.24,6.12323399574e-17,                1,                0, 0.965987858949, 0.190514672293,-0.173169038778,79.0139,0,CONTINUATION_INFEASIBLE,REFERENCE_INITIALIZATION
90,5.26,6.12323399574e-17,                1,                0,  0.96539182602, 0.192144138213,-0.174685836557,78.9188,0,,REFERENCE_INITIALIZATION
90,5.28,6.12323399574e-17,                1,                0, 0.964790711993, 0.193772462854,-0.176201594123,78.8237,0,,REFERENCE_INITIALIZATION
90,5.3,6.12323399574e-17,                1,                0, 0.964184527808,  0.19539962059,-0.177716287615,78.7286,0,,REFERENCE_INITIALIZATION
90,5.32,6.12323399574e-17,                1,                0, 0.963573284631, 0.197025585856,-0.179229893229,78.6336,0,,REFERENCE_INITIALIZATION
90,5.34,6.12323399574e-17,                1,                0, 0.962956993849, 0.198650333155,-0.180742387223,78.5386,0,,REFERENCE_INITIALIZATION
90,5.36,6.12323399574e-17,                1,                0, 0.962335315002, 0.200271816496,-0.182257667469,78.4437,0,CONTINUATION_INFEASIBLE,REFERENCE_INITIALIZATION
90,5.38,6.12323399574e-17,                1,                0,0.961708565766,0.201892133028,-0.18377188333,78.3489,0,,REFERENCE_INITIALIZATION
90,5.4,6.12323399574e-17,                1,                0, 0.961076757337,  0.20351125722,-0.185285010943,78.2542,0,,REFERENCE_INITIALIZATION
90,5.42,6.12323399574e-17,                1,                0, 0.960439901131, 0.205129163605,-0.186797026499,78.1594,0,,REFERENCE_INITIALIZATION
90,5.44,6.12323399574e-17,                1,                0, 0.959798008791,  0.20674582678,-0.188307906253,78.0647,0,,REFERENCE_INITIALIZATION
90,5.46,6.12323399574e-17,                1,                0, 0.959151092179, 0.208361221412,-0.189817626517,77.9701,0,,REFERENCE_INITIALIZATION
90,5.48,6.12323399574e-17,                1,                0, 0.958498797905, 0.209973135849,-0.191330243808,77.8756,0,CONTINUATION_INFEASIBLE,REFERENCE_INITIALIZATION
90,5.5,6.12323399574e-17,                1,                0, 0.957841455607, 0.211583832581,-0.192841748716,77.7812,0,,REFERENCE_INITIALIZATION
90,5.52,6.12323399574e-17,                1,                0,0.957179076958,0.213193286241,-0.19435211743,77.6868,0,,REFERENCE_INITIALIZATION
90,5.54,6.12323399574e-17,                1,                0, 0.956511673852,  0.21480147153,-0.195861326201,77.5924,0,,REFERENCE_INITIALIZATION
90,5.56,6.12323399574e-17,                1,                0, 0.955839258407, 0.216408363214,-0.197369351338,77.4981,0,,REFERENCE_INITIALIZATION
90,5.58,6.12323399574e-17,                1,                0, 0.955161842963, 0.218013936131,-0.198876169218,77.4039,0,,REFERENCE_INITIALIZATION
90,5.6,6.12323399574e-17,                1,                0, 0.954479061764, 0.219615811289,-0.200385994657,77.3098,0,CONTINUATION_INFEASIBLE,REFERENCE_INITIALIZATION
90,5.62,6.12323399574e-17,                1,                0, 0.953791255851, 0.221216418184,-0.201894659809,77.2157,0,,REFERENCE_INITIALIZATION
90,5.64,6.12323399574e-17,                1,                0,0.953098437376,0.222815731622,-0.20340214092,77.1217,0,,REFERENCE_INITIALIZATION
90,5.66,6.12323399574e-17,                1,                0, 0.952400618709, 0.224413726478,-0.204908414299,77.0277,0,,REFERENCE_INITIALIZATION
90,5.68,6.12323399574e-17,                1,                0, 0.951697812444, 0.226010377696,-0.206413456316,76.9338,0,,REFERENCE_INITIALIZATION
90,5.7,6.12323399574e-17,                1,                0, 0.950990031395, 0.227605660291,-0.207917243411,76.8399,0,,REFERENCE_INITIALIZATION
90,5.72,6.12323399574e-17,                1,                0, 0.950900345242, 0.229346239217,-0.206409228677,76.7375,0,CONTINUATION_INFEASIBLE,REFERENCE_INITIALIZATION
90,5.74,6.12323399574e-17,                1,                0, 0.950805615584, 0.231085489373,-0.204900214053,76.635,0,,REFERENCE_INITIALIZATION
90,5.76,6.12323399574e-17,                1,                0, 0.950705845128,  0.23282338337,-0.203390223813,76.5326,0,,REFERENCE_INITIALIZATION
90,5.78,6.12323399574e-17,                1,                0, 0.950601036806, 0.234559893894,-0.201879282265,76.4303,0,,REFERENCE_INITIALIZATION
90,5.8,6.12323399574e-17,                1,                0, 0.950491193779, 0.236294993701,-0.200367413752,76.328,0,,REFERENCE_INITIALIZATION
90,5.82,6.12323399574e-17,                1,                0, 0.950374988434, 0.238031912816,-0.198856991512,76.2255,0,CONTINUATION_INFEASIBLE,REFERENCE_INITIALIZATION
90,5.84,6.12323399574e-17,                1,                0, 0.950253743975, 0.239767457252,-0.197345609617,76.123,0,,REFERENCE_INITIALIZATION
90,5.86,6.12323399574e-17,                1,                0, 0.950127463538, 0.241501599696,-0.195833292372,76.0207,0,,REFERENCE_INITIALIZATION
90,5.88,6.12323399574e-17,                1,                0, 0.949996150485, 0.243234312902,-0.194320064113,75.9183,0,,REFERENCE_INITIALIZATION
90,5.9,6.12323399574e-17,                1,                0, 0.949859808403, 0.244965569705,-0.192805949208,75.816,0,,REFERENCE_INITIALIZATION
90,5.92,6.12323399574e-17,                1,                0, 0.949718441105, 0.246695343015,-0.191290972053,75.7137,0,,REFERENCE_INITIALIZATION
90,5.94,6.12323399574e-17,                1,                0, 0.949570497845, 0.248427430231,-0.189777778837,75.6112,0,CONTINUATION_INFEASIBLE,REFERENCE_INITIALIZATION
90,5.96,6.12323399574e-17,                1,                0, 0.949417521813, 0.250158087888,-0.188263674364,75.5088,0,,REFERENCE_INITIALIZATION
90,5.98,6.12323399574e-17,                1,                0, 0.949259516643, 0.251887288759,-0.186748682969,75.4064,0,,REFERENCE_INITIALIZATION
90,6,6.12323399574e-17,                1,                0, 0.949096486198, 0.253615005695,-0.185232829017,75.3041,0,,REFERENCE_INITIALIZATION
90,6.02,6.12323399574e-17,                1,                0, 0.948928434563, 0.255341211623,-0.183716136902,75.2018,0,,REFERENCE_INITIALIZATION
90,6.04,6.12323399574e-17,                1,                0, 0.948755366051, 0.257065879552,-0.182198631046,75.0995,0,,REFERENCE_INITIALIZATION
90,6.06,6.12323399574e-17,                1,                0, 0.948575783447, 0.258792657922,-0.180682796757,74.9971,0,CONTINUATION_INFEASIBLE,REFERENCE_INITIALIZATION
90,6.08,6.12323399574e-17,                1,                0, 0.948391175394, 0.260517952038,-0.179166099679,74.8947,0,,REFERENCE_INITIALIZATION
90,6.1,6.12323399574e-17,                1,                0, 0.948201546029, 0.262241734772,-0.177648564176,74.7923,0,,REFERENCE_INITIALIZATION
90,6.12,6.12323399574e-17,                1,                0,0.948006899711,0.263963979075,-0.17613021464,74.69,0,,REFERENCE_INITIALIZATION
90,6.14,6.12323399574e-17,                1,                0,0.947807241027,0.265684657977,-0.17461107549,74.5877,0,,REFERENCE_INITIALIZATION
90,6.16,6.12323399574e-17,                1,                0, 0.947602574787, 0.267403744592,-0.173091171171,74.4855,0,,REFERENCE_INITIALIZATION
90,6.18,6.12323399574e-17,                1,                0, 0.946877837413, 0.268979801423,-0.174608592552,74.3918,0,CONTINUATION_INFEASIBLE,REFERENCE_INITIALIZATION
90,6.2,6.12323399574e-17,                1,                0, 0.946148118372, 0.270554329518,-0.176124990042,74.298,0,,REFERENCE_INITIALIZATION
90,6.22,6.12323399574e-17,                1,                0, 0.945413430472, 0.272127304161,-0.177640339729,74.2044,0,,REFERENCE_INITIALIZATION
90,6.24,6.12323399574e-17,                1,                0,0.944673786739,0.273698700717,-0.17915461776,74.1108,0,,REFERENCE_INITIALIZATION
90,6.26,6.12323399574e-17,                1,                0, 0.943929200416, 0.275268494628,-0.180667800339,74.0172,0,,REFERENCE_INITIALIZATION
90,6.28,6.12323399574e-17,                1,                0, 0.943714313789, 0.276990856223,-0.179151534759,73.9145,0,CONTINUATION_INFEASIBLE,REFERENCE_INITIALIZATION
90,6.3,6.12323399574e-17,                1,                0, 0.943494429704, 0.278711637194,-0.177634414532,73.8118,0,,REFERENCE_INITIALIZATION
90,6.32,6.12323399574e-17,                1,                0, 0.943269552861,  0.28043081051,-0.176116464031,73.7092,0,,REFERENCE_INITIALIZATION
90,6.34,6.12323399574e-17,                1,                0, 0.943039688179, 0.282148349222,-0.174597707651,73.6066,0,,REFERENCE_INITIALIZATION
90,6.36,6.12323399574e-17,                1,                0, 0.942804840801, 0.283864226465,-0.173078169819,73.5041,0,,REFERENCE_INITIALIZATION
90,6.38,6.12323399574e-17,                1,                0, 0.942565016095, 0.285578415462,-0.171557874983,73.4016,0,,REFERENCE_INITIALIZATION
90,6.4,6.12323399574e-17,                1,                0, 0.942318718931, 0.287294366734,-0.170039120236,73.2989,0,CONTINUATION_INFEASIBLE,REFERENCE_INITIALIZATION
90,6.42,6.12323399574e-17,                1,                0, 0.942067433768, 0.289008683091,-0.168519559399,73.1963,0,,REFERENCE_INITIALIZATION
90,6.44,6.12323399574e-17,                1,                0,   0.9418111658, 0.290721337618,-0.166999216867,73.0938,0,,REFERENCE_INITIALIZATION
90,6.46,6.12323399574e-17,                1,                0, 0.941549920439, 0.292432303483,-0.165478117064,72.9913,0,,REFERENCE_INITIALIZATION
90,6.48,6.12323399574e-17,                1,                0, 0.941283703322, 0.294141553941,-0.163956284435,72.8888,0,,REFERENCE_INITIALIZATION
90,6.5,6.12323399574e-17,                1,                0, 0.941012520309, 0.295849062336,-0.162433743451,72.7864,0,,REFERENCE_INITIALIZATION
90,6.52,6.12323399574e-17,                1,                0, 0.940734931975, 0.297558133786,-0.160912629866,72.6838,0,CONTINUATION_INFEASIBLE,REFERENCE_INITIALIZATION
90,6.54,6.12323399574e-17,                1,                0, 0.940452366073, 0.299265516268,-0.159390758807,72.5813,0,,REFERENCE_INITIALIZATION
90,6.56,6.12323399574e-17,                1,                0,  0.94016482829, 0.300971182987,-0.157868154696,72.4788,0,,REFERENCE_INITIALIZATION
90,6.58,6.12323399574e-17,                1,                0, 0.939872324531, 0.302675107239,-0.156344841977,72.3763,0,,REFERENCE_INITIALIZATION
90,6.6,6.12323399574e-17,                1,                0, 0.939574860926, 0.304377262404,-0.154820845118,72.2739,0,,REFERENCE_INITIALIZATION
90,6.62,6.12323399574e-17,                1,                0, 0.939272443825, 0.306077621958,-0.153296188605,72.1716,0,,REFERENCE_INITIALIZATION
90,6.64,6.12323399574e-17,                1,                0, 0.938514301664, 0.307632906207,-0.154818712302,72.078,0,CONTINUATION_INFEASIBLE,REFERENCE_INITIALIZATION
90,6.66,6.12323399574e-17,                1,                0, 0.937751224375, 0.309186457799,-0.156340316866,71.9843,0,,REFERENCE_INITIALIZATION
90,6.68,6.12323399574e-17,                1,                0, 0.936983225286, 0.310738252401,-0.157860978278,71.8908,0,,REFERENCE_INITIALIZATION
90,6.7,6.12323399574e-17,                1,                0, 0.936210317941, 0.312288265767,-0.159380672571,71.7973,0,,REFERENCE_INITIALIZATION
90,6.72,6.12323399574e-17,                1,                0,   0.9354325161, 0.313836473742,-0.160899375832,71.7039,0,,REFERENCE_INITIALIZATION
90,6.74,6.12323399574e-17,                1,                0, 0.935120114475, 0.315539183118,-0.159377878858,71.6011,0,CONTINUATION_INFEASIBLE,REFERENCE_INITIALIZATION
90,6.76,6.12323399574e-17,                1,                0, 0.934802767245, 0.317240108431,-0.157855632571,71.4983,0,,REFERENCE_INITIALIZATION
90,6.78,6.12323399574e-17,                1,                0, 0.934480480648, 0.318939223013,-0.156332661398,71.3956,0,,REFERENCE_INITIALIZATION
90,6.8,6.12323399574e-17,                1,                0,  0.93415326114,  0.32063650029,-0.154808989787,71.2929,0,,REFERENCE_INITIALIZATION
90,6.82,6.12323399574e-17,                1,                0,  0.9338211154, 0.32233191378,-0.15328464221,71.1903,0,,REFERENCE_INITIALIZATION
90,6.84,6.12323399574e-17,                1,                0, 0.933484050325, 0.324025437098,-0.151759643159,71.0877,0,,REFERENCE_INITIALIZATION
90,6.86,6.12323399574e-17,                1,                0, 0.933140637139,  0.32572018257,-0.150235939708,70.985,0,CONTINUATION_INFEASIBLE,REFERENCE_INITIALIZATION
90,6.88,6.12323399574e-17,                1,                0,  0.93279229088,  0.32741309044,-0.148711535636,70.8824,0,,REFERENCE_INITIALIZATION
90,6.9,6.12323399574e-17,                1,                0, 0.932439018275, 0.329104134179,-0.147186455393,70.7798,0,,REFERENCE_INITIALIZATION
90,6.92,6.12323399574e-17,                1,                0, 0.932080826267, 0.330793287356,-0.145660723446,70.6772,0,,REFERENCE_INITIALIZATION
90,6.94,6.12323399574e-17,                1,                0, 0.931717722018, 0.332480523631,-0.144134364286,70.5747,0,,REFERENCE_INITIALIZATION
90,6.96,6.12323399574e-17,                1,                0,0.931349712911,0.334165816767,-0.14260740242,70.4722,0,,REFERENCE_INITIALIZATION
90,6.98,6.12323399574e-17,                1,                0,   0.9305615708, 0.335703646041,-0.144132420511,70.3787,0,CONTINUATION_INFEASIBLE,REFERENCE_INITIALIZATION
90,7,6.12323399574e-17,                1,                0, 0.929768537688, 0.337239594712,-0.145656576051,70.2852,0,,REFERENCE_INITIALIZATION
90,7.02,6.12323399574e-17,                1,                0,  0.92897062737, 0.338773638761,-0.147179844967,70.1918,0,,REFERENCE_INITIALIZATION
90,7.04,6.12323399574e-17,                1,                0, 0.928167853855, 0.340305754268,-0.148702203237,70.0984,0,,REFERENCE_INITIALIZATION
90,7.06,6.12323399574e-17,                1,                0, 0.927360231369, 0.341835917404,-0.150223626889,70.0051,0,,REFERENCE_INITIALIZATION
90,7.08,6.12323399574e-17,                1,                0, 0.926547774348, 0.343364104444,-0.151744092002,69.9119,0,,REFERENCE_INITIALIZATION
90,7.1,6.12323399574e-17,                1,                0,  0.92616917736, 0.345051335265,-0.150220384838,69.8089,0,CONTINUATION_INFEASIBLE,REFERENCE_INITIALIZATION
90,7.12,6.12323399574e-17,                1,                0, 0.925785686603, 0.346736626328,-0.148695977144,69.706,0,,REFERENCE_INITIALIZATION
90,7.14,6.12323399574e-17,                1,                0, 0.925397309346,  0.34841995125,-0.147170893367,69.6031,0,,REFERENCE_INITIALIZATION
90,7.16,6.12323399574e-17,                1,                0,  0.92500405308, 0.350101283748,-0.145645157976,69.5002,0,,REFERENCE_INITIALIZATION
90,7.18,6.12323399574e-17,                1,                0,0.924605925509,0.351780597638,-0.14411879546,69.3974,0,,REFERENCE_INITIALIZATION
90,7.2,6.12323399574e-17,                1,                0, 0.924202934559, 0.353457866838,-0.142591830325,69.2947,0,,REFERENCE_INITIALIZATION
90,7.22,6.12323399574e-17,                1,                0, 0.923793647907,  0.35513603211,-0.141066047641,69.1919,0,CONTINUATION_INFEASIBLE,REFERENCE_INITIALIZATION
90,7.24,6.12323399574e-17,                1,                0, 0.923379482064, 0.356812204656,-0.139539613169,69.0891,0,,REFERENCE_INITIALIZATION
90,7.26,6.12323399574e-17,                1,                0, 0.922960444784, 0.358486358251,-0.138012551377,68.9863,0,,REFERENCE_INITIALIZATION
90,7.28,6.12323399574e-17,                1,                0, 0.922536544041,  0.36015846677,-0.136484886753,68.8836,0,,REFERENCE_INITIALIZATION
90,7.3,6.12323399574e-17,                1,                0, 0.922107788023, 0.361828504192,-0.134956643802,68.781,0,,REFERENCE_INITIALIZATION
90,7.32,6.12323399574e-17,                1,                0, 0.921285696552, 0.363346774346,-0.136483335778,68.6876,0,CONTINUATION_INFEASIBLE,REFERENCE_INITIALIZATION
90,7.34,6.12323399574e-17,                1,                0, 0.920458765432, 0.364863018335,-0.138009205703,68.5943,0,,REFERENCE_INITIALIZATION
90,7.36,6.12323399574e-17,                1,                0,0.919627008992,0.366377212493,-0.13953422947,68.501,0,,REFERENCE_INITIALIZATION
90,7.38,6.12323399574e-17,                1,                0, 0.918790441774, 0.367889333253,-0.141058383017,68.4079,0,,REFERENCE_INITIALIZATION
90,7.4,6.12323399574e-17,                1,                0, 0.917949078527, 0.369399357151,-0.142581642333,68.3148,0,,REFERENCE_INITIALIZATION
90,7.42,6.12323399574e-17,                1,                0, 0.917102934215, 0.370907260832,-0.144103983454,68.2217,0,,REFERENCE_INITIALIZATION
90,7.44,6.12323399574e-17,                1,                0, 0.916663933829, 0.372578204094,-0.142578534565,68.1186,0,CONTINUATION_INFEASIBLE,REFERENCE_INITIALIZATION
90,7.46,6.12323399574e-17,                1,                0, 0.916220093958, 0.374247062457,-0.141052425828,68.0155,0,,REFERENCE_INITIALIZATION
90,7.48,6.12323399574e-17,                1,                0, 0.915771422825, 0.375913809836,-0.139525681709,67.9124,0,,REFERENCE_INITIALIZATION
90,7.5,6.12323399574e-17,                1,                0, 0.915317928869, 0.377578420248,-0.137998326692,67.8094,0,,REFERENCE_INITIALIZATION
90,7.52,6.12323399574e-17,                1,                0,  0.91485962074, 0.379240867822,-0.136470385281,67.7065,0,,REFERENCE_INITIALIZATION
90,7.54,6.12323399574e-17,                1,                0, 0.914396507305, 0.380901126792,-0.134941881995,67.6036,0,,REFERENCE_INITIALIZATION
90,7.56,6.12323399574e-17,                1,                0, 0.913927148443, 0.382561991625,-0.133414466758,67.5006,0,CONTINUATION_INFEASIBLE,REFERENCE_INITIALIZATION
90,7.58,6.12323399574e-17,                1,                0, 0.913452966589, 0.384220719197,-0.131886440464,67.3977,0,,REFERENCE_INITIALIZATION
90,7.6,6.12323399574e-17,                1,                0, 0.912973970441, 0.385877283596,-0.130357827596,67.2948,0,,REFERENCE_INITIALIZATION
90,7.62,6.12323399574e-17,                1,                0, 0.912490168915, 0.387531659016,-0.128828652657,67.192,0,,REFERENCE_INITIALIZATION
90,7.64,6.12323399574e-17,                1,                0, 0.912001571138, 0.389183819761,-0.127298940162,67.0892,0,,REFERENCE_INITIALIZATION
90,7.66,6.12323399574e-17,                1,                0,  0.91150818645, 0.390833740247,-0.125768714643,66.9865,0,,REFERENCE_INITIALIZATION
90,7.68,6.12323399574e-17,                1,                0, 0.91065224519,0.392331263827,-0.12729729396,66.8932,0,CONTINUATION_INFEASIBLE,REFERENCE_INITIALIZATION
90,7.7,6.12323399574e-17,                1,                0, 0.909791522985,  0.39382660869,-0.128825099894,66.8,0,,REFERENCE_INITIALIZATION
90,7.72,6.12323399574e-17,                1,                0, 0.908926034679, 0.395319751534,-0.130352108294,66.7069,0,,REFERENCE_INITIALIZATION
90,7.74,6.12323399574e-17,                1,                0, 0.908055795327, 0.396810669168,-0.131878295054,66.6138,0,,REFERENCE_INITIALIZATION
90,7.76,6.12323399574e-17,                1,                0, 0.907180820195, 0.398299338508,-0.133403636112,66.5208,0,,REFERENCE_INITIALIZATION
90,7.78,6.12323399574e-17,                1,                0,  0.90667780094, 0.399950027159,-0.131875903922,66.4176,0,CONTINUATION_INFEASIBLE,REFERENCE_INITIALIZATION
90,7.8,6.12323399574e-17,                1,                0, 0.906169999262, 0.401598486837,-0.130347568853,66.3145,0,,REFERENCE_INITIALIZATION
90,7.82,6.12323399574e-17,                1,                0, 0.905657424392,  0.40324469182,-0.128818655393,66.2114,0,,REFERENCE_INITIALIZATION
90,7.84,6.12323399574e-17,                1,                0, 0.905140085774, 0.404888616493,-0.127289188046,66.1084,0,,REFERENCE_INITIALIZATION
90,7.86,6.12323399574e-17,                1,                0, 0.904617993062, 0.406530235355,-0.125759191334,66.0055,0,,REFERENCE_INITIALIZATION
90,7.88,6.12323399574e-17,                1,                0,0.904091156122,0.408169523023,-0.12422868979,65.9026,0,,REFERENCE_INITIALIZATION
90,7.9,6.12323399574e-17,                1,                0, 0.903209067391, 0.409651482622,-0.125757572473,65.8095,0,CONTINUATION_INFEASIBLE,REFERENCE_INITIALIZATION
90,7.92,6.12323399574e-17,                1,                0, 0.902322238863, 0.411131172508,-0.127285689926,65.7165,0,,REFERENCE_INITIALIZATION
90,7.94,6.12323399574e-17,                1,                0, 0.901430685795, 0.412608569654,-0.128813017989,65.6236,0,,REFERENCE_INITIALIZATION
90,7.96,6.12323399574e-17,                1,                0, 0.900534423648, 0.414083651143,-0.130339532549,65.5308,0,,REFERENCE_INITIALIZATION
90,7.98,6.12323399574e-17,                1,                0,0.899633468091,0.415556394174,-0.13186520954,65.438,0,,REFERENCE_INITIALIZATION
90,8,6.12323399574e-17,                1,                0, 0.898727834999, 0.417026776059,-0.133390024943,65.3453,0,,REFERENCE_INITIALIZATION
90,8.02,6.12323399574e-17,                1,                0, 0.898190673603,   0.4186666694,-0.131862289853,65.2418,0,CONTINUATION_INFEASIBLE,REFERENCE_INITIALIZATION
90,8.04,6.12323399574e-17,                1,                0, 0.897648777095, 0.420304235101,-0.130333951966,65.1384,0,,REFERENCE_INITIALIZATION
90,8.06,6.12323399574e-17,                1,                0, 0.897102155234, 0.421939447633,-0.128805035772,65.0351,0,,REFERENCE_INITIALIZATION
90,8.08,6.12323399574e-17,                1,                0, 0.896550817985, 0.423572281581,-0.127275565773,64.9318,0,,REFERENCE_INITIALIZATION
90,8.1,6.12323399574e-17,                1,                0, 0.895994775526, 0.425202711649,-0.125745566489,64.8286,0,,REFERENCE_INITIALIZATION
90,8.12,6.12323399574e-17,                1,                0, 0.895432820663, 0.426832850623,-0.124216311541,64.7254,0,CONTINUATION_INFEASIBLE,REFERENCE_INITIALIZATION
90,8.14,6.12323399574e-17,                1,                0, 0.894866146834, 0.428460619182,-0.122686494483,64.6222,0,,REFERENCE_INITIALIZATION
90,8.16,6.12323399574e-17,                1,                0, 0.894294764197, 0.430085991965,-0.121156139815,64.519,0,,REFERENCE_INITIALIZATION
90,8.18,6.12323399574e-17,                1,                0, 0.893718683113, 0.431708943729,-0.119625272057,64.4159,0,,REFERENCE_INITIALIZATION
90,8.2,6.12323399574e-17,                1,                0, 0.893137914155,  0.43332944935,-0.118093915737,64.3129,0,,REFERENCE_INITIALIZATION
90,8.22,6.12323399574e-17,                1,                0, 0.892552468101, 0.434947483825,-0.116562095398,64.21,0,,REFERENCE_INITIALIZATION
90,8.24,6.12323399574e-17,                1,                0, 0.891637867781, 0.436408080317,-0.118092432349,64.117,0,CONTINUATION_INFEASIBLE,REFERENCE_INITIALIZATION
90,8.26,6.12323399574e-17,                1,                0, 0.890718591174, 0.437866266379,-0.119622044677,64.024,0,,REFERENCE_INITIALIZATION
90,8.28,6.12323399574e-17,                1,                0, 0.889794654039, 0.439322019359,-0.121150908191,63.9312,0,,REFERENCE_INITIALIZATION
90,8.3,6.12323399574e-17,                1,                0, 0.888866072337, 0.440775316723,-0.122678998742,63.8384,0,,REFERENCE_INITIALIZATION
90,8.32,6.12323399574e-17,                1,                0, 0.887932862232, 0.442226136059,-0.124206292227,63.7457,0,,REFERENCE_INITIALIZATION
90,8.34,6.12323399574e-17,                1,                0, 0.886995040092, 0.443674455073,-0.125732764587,63.6532,0,,REFERENCE_INITIALIZATION
90,8.36,6.12323399574e-17,                1,                0, 0.886399415879, 0.445292592966,-0.124203507056,63.5496,0,CONTINUATION_INFEASIBLE,REFERENCE_INITIALIZATION
90,8.38,6.12323399574e-17,                1,                0, 0.885799122889, 0.446908263224,-0.122673687494,63.4461,0,,REFERENCE_INITIALIZATION
90,8.4,6.12323399574e-17,                1,                0, 0.885194171795, 0.448521440697,-0.121143330402,63.3427,0,,REFERENCE_INITIALIZATION
90,8.42,6.12323399574e-17,                1,                0, 0.884584573475,  0.45013210036,-0.119612460297,63.2394,0,,REFERENCE_INITIALIZATION
90,8.44,6.12323399574e-17,                1,                0, 0.883970339012,  0.45174021731,-0.118081101707,63.1361,0,,REFERENCE_INITIALIZATION
90,8.46,6.12323399574e-17,                1,                0, 0.883350267758, 0.453347786373,-0.116550415461,63.0328,0,CONTINUATION_INFEASIBLE,REFERENCE_INITIALIZATION
90,8.48,6.12323399574e-17,                1,                0,0.882725545401,0.454952845663, -0.1150192079,62.9295,0,,REFERENCE_INITIALIZATION
90,8.5,6.12323399574e-17,                1,                0, 0.882096183005, 0.456555370215,-0.113487503541,62.8264,0,,REFERENCE_INITIALIZATION
90,8.52,6.12323399574e-17,                1,                0,0.881462191838,0.458155335187,-0.11195532691,62.7232,0,,REFERENCE_INITIALIZATION
90,8.54,6.12323399574e-17,                1,                0, 0.880823583374, 0.459752715861,-0.110422702547,62.6202,0,,REFERENCE_INITIALIZATION
90,8.56,6.12323399574e-17,                1,                0, 0.880180369289,  0.46134748765,-0.108889655002,62.5172,0,,REFERENCE_INITIALIZATION
90,8.58,6.12323399574e-17,                1,                0, 0.879233790084, 0.462786115778,-0.110421354697,62.4242,0,CONTINUATION_INFEASIBLE,REFERENCE_INITIALIZATION
90,8.6,6.12323399574e-17,                1,                0, 0.878282602496, 0.464222194809,-0.111952370417,62.3313,0,,REFERENCE_INITIALIZATION
90,8.62,6.12323399574e-17,                1,                0, 0.877326822774, 0.465655702476,-0.113482677937,62.2385,0,,REFERENCE_INITIALIZATION
90,8.64,6.12323399574e-17,                1,                0,  0.87636646737, 0.467086616637,-0.115012253074,62.1458,0,,REFERENCE_INITIALIZATION
90,8.66,6.12323399574e-17,                1,                0,0.875401552933,0.468514915276,-0.11654107169,62.0532,0,,REFERENCE_INITIALIZATION
90,8.68,6.12323399574e-17,                1,                0, 0.874432096313, 0.469940576503,-0.118069109688,61.9606,0,,REFERENCE_INITIALIZATION
90,8.7,6.12323399574e-17,                1,                0, 0.873778867264,  0.47153495773,-0.116538421165,61.8571,0,CONTINUATION_INFEASIBLE,REFERENCE_INITIALIZATION
90,8.72,6.12323399574e-17,                1,                0, 0.873121040125, 0.473126733488,-0.115007211403,61.7536,0,,REFERENCE_INITIALIZATION
90,8.74,6.12323399574e-17,                1,                0, 0.872458626467, 0.474715879044,-0.113475504916,61.6501,0,,REFERENCE_INITIALIZATION
90,8.76,6.12323399574e-17,                1,                0, 0.871791638065, 0.476302369791,-0.111943326231,61.5468,0,,REFERENCE_INITIALIZATION
90,8.78,6.12323399574e-17,                1,                0, 0.871120086895, 0.477886181252,-0.110410699885,61.4435,0,,REFERENCE_INITIALIZATION
90,8.8,6.12323399574e-17,                1,                0, 0.870144323497, 0.479305460536,-0.111942136838,61.3508,0,CONTINUATION_INFEASIBLE,REFERENCE_INITIALIZATION
90,8.82,6.12323399574e-17,                1,                0, 0.869164001793, 0.480722104214,-0.113472881751,61.2582,0,,REFERENCE_INITIALIZATION
90,8.84,6.12323399574e-17,                1,                0,  0.86817913849, 0.482136090352,-0.115002910407,61.1658,0,,REFERENCE_INITIALIZATION
90,8.86,6.12323399574e-17,                1,                0,0.867189750492,0.483547397142,-0.11653219863,61.0734,0,,REFERENCE_INITIALIZATION
90,8.88,6.12323399574e-17,                1,                0, 0.866195854899, 0.484956002908,-0.118060722289,60.9811,0,,REFERENCE_INITIALIZATION
90,8.9,6.12323399574e-17,                1,                0,  0.86519746901, 0.486361886105,-0.119588457295,60.8889,0,,REFERENCE_INITIALIZATION
90,8.92,6.12323399574e-17,                1,                0, 0.864516141723, 0.487944731278,-0.118058045152,60.7851,0,CONTINUATION_INFEASIBLE,REFERENCE_INITIALIZATION
90,8.94,6.12323399574e-17,                1,                0,0.863830267294,0.489524884568,-0.11652710368,60.6812,0,,REFERENCE_INITIALIZATION
90,8.96,6.12323399574e-17,                1,                0,0.863139857733,0.491102321449,-0.11499565739,60.5775,0,,REFERENCE_INITIALIZATION
90,8.98,6.12323399574e-17,                1,                0, 0.862444925249, 0.492677017523,-0.113463730808,60.4738,0,,REFERENCE_INITIALIZATION
90,9,6.12323399574e-17,                1,                0, 0.861745482249,  0.49424894853,-0.111931348469,60.3702,0,,REFERENCE_INITIALIZATION
90,9.02,6.12323399574e-17,                1,                0, 0.861041541341, 0.495818090342,-0.110398534922,60.2667,0,,REFERENCE_INITIALIZATION
90,9.04,6.12323399574e-17,                1,                0, 0.860331594633, 0.497386730629,-0.108866506736,60.1631,0,CONTINUATION_INFEASIBLE,REFERENCE_INITIALIZATION
90,9.06,6.12323399574e-17,                1,                0, 0.859617124854, 0.498952629817,-0.107333998135,60.0596,0,,REFERENCE_INITIALIZATION
90,9.08,6.12323399574e-17,                1,                0, 0.858898144461, 0.500515763616,-0.105801033642,59.9562,0,,REFERENCE_INITIALIZATION
90,9.1,6.12323399574e-17,                1,                0, 0.858174666109, 0.502076107869,-0.104267637794,59.8528,0,,REFERENCE_INITIALIZATION
90,9.12,6.12323399574e-17,                1,                0, 0.857446702651, 0.503633638557,-0.102733835137,59.7495,0,,REFERENCE_INITIALIZATION
90,9.14,6.12323399574e-17,                1,                0, 0.856714267138, 0.505188331796,-0.101199650223,59.6463,0,,REFERENCE_INITIALIZATION
90,9.16,6.12323399574e-17,                1,                0, 0.855707156194, 0.506583856453,-0.102732622995,59.5536,0,CONTINUATION_INFEASIBLE,REFERENCE_INITIALIZATION
90,9.18,6.12323399574e-17,                1,                0, 0.854695565692, 0.507976602218,-0.104264952541,59.461,0,,REFERENCE_INITIALIZATION
90,9.2,6.12323399574e-17,                1,                0, 0.853679512811, 0.509366547568,-0.105796614607,59.3684,0,,REFERENCE_INITIALIZATION
90,9.22,6.12323399574e-17,                1,                0, 0.852659014923, 0.510753671113,-0.107327584976,59.276,0,,REFERENCE_INITIALIZATION
90,9.24,6.12323399574e-17,                1,                0, 0.851634089593, 0.512137951601,-0.108857839475,59.1837,0,,REFERENCE_INITIALIZATION
90,9.26,6.12323399574e-17,                1,                0, 0.850604754581, 0.513519367916,-0.110387353973,59.0914,0,,REFERENCE_INITIALIZATION
90,9.28,6.12323399574e-17,                1,                0, 0.849862504607, 0.515072981697,-0.108855323869,58.9876,0,CONTINUATION_INFEASIBLE,REFERENCE_INITIALIZATION
90,9.3,6.12323399574e-17,                1,                0, 0.849115789235, 0.516623761436,-0.107322813413,58.8838,0,,REFERENCE_INITIALIZATION
90,9.32,6.12323399574e-17,                1,                0,  0.84836462142, 0.518171683106,-0.105789847127,58.7802,0,,REFERENCE_INITIALIZATION
90,9.34,6.12323399574e-17,                1,                0, 0.847609014311, 0.519716722817,-0.104256449549,58.6766,0,,REFERENCE_INITIALIZATION
90,9.36,6.12323399574e-17,                1,                0, 0.846848981254, 0.521258856817,-0.102722645223,58.573,0,,REFERENCE_INITIALIZATION
90,9.38,6.12323399574e-17,                1,                0, 0.845813594075,  0.52263380592,-0.104255373311,58.4806,0,CONTINUATION_INFEASIBLE,REFERENCE_INITIALIZATION
90,9.4,6.12323399574e-17,                1,                0, 0.844773781603, 0.524005892176,-0.105787450095,58.3884,0,,REFERENCE_INITIALIZATION
90,9.42,6.12323399574e-17,                1,                0, 0.843729561458, 0.525375094413,-0.107318851327,58.2962,0,,REFERENCE_INITIALIZATION
90,9.44,6.12323399574e-17,                1,                0, 0.842680951453, 0.526741391599,-0.108849552799,58.2041,0,,REFERENCE_INITIALIZATION
90,9.46,6.12323399574e-17,                1,                0, 0.841627969591, 0.528104762839,-0.110379530344,58.1121,0,,REFERENCE_INITIALIZATION
90,9.48,6.12323399574e-17,                1,                0, 0.840570634064, 0.529465187382,-0.111908759837,58.0202,0,,REFERENCE_INITIALIZATION
90,9.5,6.12323399574e-17,                1,                0, 0.839801043837, 0.531005698122,-0.110376988123,57.9161,0,CONTINUATION_INFEASIBLE,REFERENCE_INITIALIZATION
90,9.52,6.12323399574e-17,                1,                0, 0.839027043339, 0.532543291029,-0.108844727954,57.812,0,,REFERENCE_INITIALIZATION
90,9.54,6.12323399574e-17,                1,                0,  0.83824864595, 0.534077942307,-0.107312003852,57.708,0,,REFERENCE_INITIALIZATION
90,9.56,6.12323399574e-17,                1,                0, 0.837465865244, 0.535609628303,-0.105778840353,57.6041,0,,REFERENCE_INITIALIZATION
90,9.58,6.12323399574e-17,                1,                0, 0.836678714984, 0.537138325504,-0.104245261999,57.5003,0,,REFERENCE_INITIALIZATION
90,9.6,6.12323399574e-17,                1,                0, 0.835887209128, 0.538664010546,-0.102711293345,57.3966,0,,REFERENCE_INITIALIZATION
90,9.62,6.12323399574e-17,                1,                0, 0.834823618359,  0.54001725884,-0.104244023188,57.3044,0,CONTINUATION_INFEASIBLE,REFERENCE_INITIALIZATION
90,9.64,6.12323399574e-17,                1,                0, 0.833755662513, 0.541367553402,-0.105776101794,57.2124,0,,REFERENCE_INITIALIZATION
90,9.66,6.12323399574e-17,                1,                0, 0.832683359641, 0.542714873426,-0.107307504914,57.1205,0,,REFERENCE_INITIALIZATION
90,9.68,6.12323399574e-17,                1,                0, 0.831606727978, 0.544059198249,-0.108838208339,57.0287,0,,REFERENCE_INITIALIZATION
90,9.7,6.12323399574e-17,                1,                0, 0.830525785953,  0.54540050735,-0.110368187902,56.9371,0,,REFERENCE_INITIALIZATION
90,9.72,6.12323399574e-17,                1,                0, 0.829440552179, 0.546738780357,-0.111897419479,56.8455,0,,REFERENCE_INITIALIZATION
90,9.74,6.12323399574e-17,                1,                0, 0.828639248068, 0.548263033644,-0.110365645775,56.7411,0,CONTINUATION_INFEASIBLE,REFERENCE_INITIALIZATION
90,9.76,6.12323399574e-17,                1,                0, 0.827833595012, 0.549784278521,-0.108833383682,56.6368,0,,REFERENCE_INITIALIZATION
90,9.78,6.12323399574e-17,                1,                0, 0.827023606877, 0.551302491472,-0.107300657721,56.5325,0,,REFERENCE_INITIALIZATION
90,9.8,6.12323399574e-17,                1,                0, 0.826209297719, 0.552817649127,-0.105767492426,56.4284,0,,REFERENCE_INITIALIZATION
90,9.82,6.12323399574e-17,                1,                0, 0.825390681784, 0.554329728262,-0.104233912342,56.3243,0,,REFERENCE_INITIALIZATION
90,9.84,6.12323399574e-17,                1,                0, 0.824567773507, 0.555838705804,-0.102699942021,56.2203,0,,REFERENCE_INITIALIZATION
90,9.86,6.12323399574e-17,                1,                0, 0.823738996236, 0.557346667402,-0.101166662172,56.1163,0,CONTINUATION_INFEASIBLE,REFERENCE_INITIALIZATION
90,9.88,6.12323399574e-17,                1,                0,  0.822905897797,  0.558851573399,-0.0996329428758,56.0123,0,,REFERENCE_INITIALIZATION
90,9.9,6.12323399574e-17,                1,                0,  0.822068492489,   0.56035340055,-0.0980988086667,55.9084,0,,REFERENCE_INITIALIZATION
90,9.92,6.12323399574e-17,                1,                0, 0.821226794794, 0.561852125759,-0.096564284088,55.8046,0,,REFERENCE_INITIALIZATION
90,9.94,6.12323399574e-17,                1,                0,  0.820380819386,  0.563347726077,-0.0950293936908,55.701,0,,REFERENCE_INITIALIZATION
90,9.96,6.12323399574e-17,                1,                0,  0.819287810467,  0.564675944898,-0.0965633211019,55.6088,0,CONTINUATION_INFEASIBLE,REFERENCE_INITIALIZATION
90,9.98,6.12323399574e-17,                1,                0,  0.818190520781,  0.566001080606,-0.0980966379779,55.5167,0,,REFERENCE_INITIALIZATION
90,10,6.12323399574e-17,                1,                0,  0.817088968831,  0.567323112831,-0.0996293200413,55.4247,0,,REFERENCE_INITIALIZATION
90,10.02,6.12323399574e-17,                1,                0, 0.815983173301,  0.56864202135,-0.101161343052,55.3328,0,,REFERENCE_INITIALIZATION
90,10.04,6.12323399574e-17,                1,                0, 0.814873153063, 0.569957786087,-0.102692682811,55.2411,0,,REFERENCE_INITIALIZATION
90,10.06,6.12323399574e-17,                1,                0,  0.81375892717, 0.571270387121,-0.104223315158,55.1495,0,,REFERENCE_INITIALIZATION
90,10.08,6.12323399574e-17,                1,                0, 0.812903651219, 0.572763725654,-0.102690275656,55.0451,0,CONTINUATION_INFEASIBLE,REFERENCE_INITIALIZATION
90,10.1,6.12323399574e-17,                1,                0, 0.812044113285, 0.574253927628,-0.101156788597,54.9409,0,,REFERENCE_INITIALIZATION
90,10.12,6.12323399574e-17,                1,                0,  0.811180328074,  0.575740970053,-0.0996228785115,54.8367,0,,REFERENCE_INITIALIZATION
90,10.14,6.12323399574e-17,                1,                0,   0.81031231048,  0.577224830092,-0.0980885699432,54.7326,0,,REFERENCE_INITIALIZATION
90,10.16,6.12323399574e-17,                1,                0,   0.80944007558,  0.578705485058,-0.0965538874423,54.6286,0,,REFERENCE_INITIALIZATION
90,10.18,6.12323399574e-17,                1,                0,  0.808563638635,  0.580182912423,-0.0950188555658,54.5247,0,,REFERENCE_INITIALIZATION
90,10.2,6.12323399574e-17,                1,                0,  0.807443425248,    0.5814882672,-0.0965527844805,54.4327,0,CONTINUATION_INFEASIBLE,REFERENCE_INITIALIZATION
90,10.22,6.12323399574e-17,                1,                0,  0.806318995783,  0.582790451089,-0.0980861029217,54.3409,0,,REFERENCE_INITIALIZATION
90,10.24,6.12323399574e-17,                1,                0,  0.805190369151,  0.584089444102,-0.0996187866116,54.2493,0,,REFERENCE_INITIALIZATION
90,10.26,6.12323399574e-17,                1,                0,0.804057564449,0.585385226404,-0.10115081131,54.1577,0,,REFERENCE_INITIALIZATION
90,10.28,6.12323399574e-17,                1,                0, 0.802920600952,  0.58667777831,-0.102682152816,54.0663,0,,REFERENCE_INITIALIZATION
90,10.3,6.12323399574e-17,                1,                0,0.801779498116,0.587967080293,-0.10421278697,53.975,0,,REFERENCE_INITIALIZATION
90,10.32,6.12323399574e-17,                1,                0, 0.800893528382, 0.589442413911,-0.102679745748,53.8703,0,CONTINUATION_INFEASIBLE,REFERENCE_INITIALIZATION
90,10.34,6.12323399574e-17,                1,                0,0.800003362427,0.590914523577,-0.10114625703,53.7658,0,,REFERENCE_INITIALIZATION
90,10.36,6.12323399574e-17,                1,                0,  0.799109015429,   0.59238338661,-0.0996123453456,53.6614,0,,REFERENCE_INITIALIZATION
90,10.38,6.12323399574e-17,                1,                0,  0.798210502746,  0.593848980481,-0.0980780352385,53.557,0,,REFERENCE_INITIALIZATION
90,10.4,6.12323399574e-17,                1,                0,  0.797307839918,  0.595311282821,-0.0965433512583,53.4528,0,,REFERENCE_INITIALIZATION
90,10.42,6.12323399574e-17,                1,                0,  0.796401042668,  0.596770271418,-0.0950083179617,53.3486,0,,REFERENCE_INITIALIZATION
90,10.44,6.12323399574e-17,                1,                0,   0.79525410343,  0.598052205402,-0.0965422484314,53.257,0,CONTINUATION_INFEASIBLE,REFERENCE_INITIALIZATION
90,10.46,6.12323399574e-17,                1,                0,   0.79410301456,  0.599330882051,-0.0980755684853,53.1655,0,,REFERENCE_INITIALIZATION
90,10.48,6.12323399574e-17,                1,                0,  0.792947795378,  0.600606281771,-0.0996082538454,53.0741,0,,REFERENCE_INITIALIZATION
90,10.5,6.12323399574e-17,                1,                0, 0.791788465384, 0.601878385123,-0.101140280271,52.9828,0,,REFERENCE_INITIALIZATION
90,10.52,6.12323399574e-17,                1,                0, 0.790625044254, 0.603147172825,-0.102671623562,52.8917,0,,REFERENCE_INITIALIZATION
90,10.54,6.12323399574e-17,                1,                0,  0.78970939725, 0.604604017787,-0.101138339388,52.7869,0,CONTINUATION_INFEASIBLE,REFERENCE_INITIALIZATION
90,10.56,6.12323399574e-17,                1,                0,  0.788789615235,  0.606057559417,-0.0996046159067,52.6823,0,,REFERENCE_INITIALIZATION
90,10.58,6.12323399574e-17,                1,                0,   0.78786571385,  0.607507775353,-0.0980704776532,52.5777,0,,REFERENCE_INITIALIZATION
90,10.6,6.12323399574e-17,                1,                0,  0.786937708912,  0.608954643389,-0.0965359491717,52.4732,0,,REFERENCE_INITIALIZATION
90,10.62,6.12323399574e-17,                1,                0,  0.786005616418,   0.61039814148,-0.0950010550143,52.3688,0,,REFERENCE_INITIALIZATION
90,10.64,6.12323399574e-17,                1,                0,  0.785069452546,  0.611838247743,-0.0934658197391,52.2645,0,,REFERENCE_INITIALIZATION
90,10.66,6.12323399574e-17,                1,                0,  0.783900312666,   0.61309968847,-0.0949999795335,52.173,0,CONTINUATION_INFEASIBLE,REFERENCE_INITIALIZATION
90,10.68,6.12323399574e-17,                1,                0,  0.782727084819,  0.614357793238,-0.0965335370829,52.0817,0,,REFERENCE_INITIALIZATION
90,10.7,6.12323399574e-17,                1,                0,  0.781549788665,    0.6156125428,-0.0980664681039,51.9905,0,,REFERENCE_INITIALIZATION
90,10.72,6.12323399574e-17,                1,                0,  0.780368444043,  0.616863918072,-0.0995987483503,51.8994,0,,REFERENCE_INITIALIZATION
90,10.74,6.12323399574e-17,                1,                0, 0.779183070964, 0.618111900126,-0.101130353615,51.8084,0,,REFERENCE_INITIALIZATION
90,10.76,6.12323399574e-17,                1,                0, 0.777993689615, 0.619356470199,-0.102661259732,51.7176,0,,REFERENCE_INITIALIZATION
90,10.78,6.12323399574e-17,                1,                0, 0.777048120874, 0.620794072792,-0.101127973854,51.6126,0,CONTINUATION_INFEASIBLE,REFERENCE_INITIALIZATION
90,10.8,6.12323399574e-17,                1,                0,  0.776098486319,  0.622228287354,-0.0995942487326,51.5077,0,,REFERENCE_INITIALIZATION
90,10.82,6.12323399574e-17,                1,                0,  0.775144802043,  0.623659091847,-0.0980601089018,51.4028,0,,REFERENCE_INITIALIZATION
90,10.84,6.12323399574e-17,                1,                0, 0.774187084316, 0.625086464393,-0.096525578905,51.2981,0,,REFERENCE_INITIALIZATION
90,10.86,6.12323399574e-17,                1,                0,  0.773225349582,  0.626510383279,-0.0949906832938,51.1934,0,,REFERENCE_INITIALIZATION
90,10.88,6.12323399574e-17,                1,                0,  0.772258252161,  0.627932347898,-0.0934562432522,51.0888,0,CONTINUATION_INFEASIBLE,REFERENCE_INITIALIZATION
90,10.9,6.12323399574e-17,                1,                0,  0.771287115665,  0.629350887525,-0.0919214047677,50.9842,0,,REFERENCE_INITIALIZATION
90,10.92,6.12323399574e-17,                1,                0,  0.770311956529,  0.630765980385,-0.0903861923832,50.8797,0,,REFERENCE_INITIALIZATION
90,10.94,6.12323399574e-17,                1,                0,  0.769332791362,  0.632177604866,-0.0888506306494,50.7754,0,,REFERENCE_INITIALIZATION
90,10.96,6.12323399574e-17,                1,                0,  0.768349636948,  0.633585739521,-0.0873147441229,50.6711,0,,REFERENCE_INITIALIZATION
90,10.98,6.12323399574e-17,                1,                0,  0.767362510246,  0.634990363068,-0.0857785573642,50.567,0,,REFERENCE_INITIALIZATION
90,11,6.12323399574e-17,                1,                0,  0.766166087087,  0.636224605855,-0.0873138043831,50.4753,0,CONTINUATION_INFEASIBLE,REFERENCE_INITIALIZATION
90,11.02,6.12323399574e-17,                1,                0,  0.764965671861,  0.637455391617,-0.0888484899006,50.3838,0,,REFERENCE_INITIALIZATION
90,11.04,6.12323399574e-17,                1,                0,  0.763761284641,  0.638682701575,-0.0903825896056,50.2924,0,,REFERENCE_INITIALIZATION
90,11.06,6.12323399574e-17,                1,                0,  0.762552945671,  0.639906517112,-0.0919160792225,50.2012,0,,REFERENCE_INITIALIZATION
90,11.08,6.12323399574e-17,                1,                0,  0.761340675364,  0.641126819776,-0.0934489345128,50.1101,0,,REFERENCE_INITIALIZATION
90,11.1,6.12323399574e-17,                1,                0,  0.760124494304,  0.642343591284,-0.0949811312774,50.0192,0,,REFERENCE_INITIALIZATION
90,11.12,6.12323399574e-17,                1,                0,  0.759128229249,  0.643745273216,-0.0934466897697,49.9143,0,CONTINUATION_INFEASIBLE,REFERENCE_INITIALIZATION
90,11.14,6.12323399574e-17,                1,                0, 0.758127996761, 0.645143447535,-0.091911849879,49.8094,0,,REFERENCE_INITIALIZATION
90,11.16,6.12323399574e-17,                1,                0,  0.757123813717,  0.646538092804,-0.0903766361473,49.7047,0,,REFERENCE_INITIALIZATION
90,11.18,6.12323399574e-17,                1,                0,  0.756115697164,  0.647929187755,-0.0888410731244,49.6001,0,,REFERENCE_INITIALIZATION
90,11.2,6.12323399574e-17,                1,                0,  0.755103664321,  0.649316711286,-0.0873051853662,49.4956,0,,REFERENCE_INITIALIZATION
90,11.22,6.12323399574e-17,                1,                0,  0.754087732577,   0.65070064247,-0.0857689974325,49.3912,0,,REFERENCE_INITIALIZATION
90,11.24,6.12323399574e-17,                1,                0,  0.752866089632,  0.651909926683,-0.0873042457023,49.2998,0,CONTINUATION_INFEASIBLE,REFERENCE_INITIALIZATION
90,11.26,6.12323399574e-17,                1,                0,  0.751640526886,  0.653115672203,-0.0888389325247,49.2086,0,,REFERENCE_INITIALIZATION
90,11.28,6.12323399574e-17,                1,                0,  0.750411064792,  0.654317860667,-0.0903730335883,49.1176,0,,REFERENCE_INITIALIZATION
90,11.3,6.12323399574e-17,                1,                0,  0.749177723971,  0.655516473876,-0.0919065246171,49.0266,0,,REFERENCE_INITIALIZATION
90,11.32,6.12323399574e-17,                1,                0,   0.74794052521,  0.656711493803,-0.0934393813726,48.9359,0,,REFERENCE_INITIALIZATION
90,11.34,6.12323399574e-17,                1,                0,  0.746699489463,   0.65790290259,-0.0949715796553,48.8452,0,,REFERENCE_INITIALIZATION
90,11.36,6.12323399574e-17,                1,                0,  0.745674482502,  0.659283704065,-0.0934371367404,48.7401,0,CONTINUATION_INFEASIBLE,REFERENCE_INITIALIZATION
90,11.38,6.12323399574e-17,                1,                0,    0.7446455814,  0.660660916766,-0.0919022954961,48.635,0,,REFERENCE_INITIALIZATION
90,11.4,6.12323399574e-17,                1,                0,   0.74361280347,  0.662034519608,-0.0903670804644,48.53,0,,REFERENCE_INITIALIZATION
90,11.42,6.12323399574e-17,                1,                0,  0.742576166193,  0.663404491678,-0.0888315161946,48.4251,0,,REFERENCE_INITIALIZATION
90,11.44,6.12323399574e-17,                1,                0,  0.741535687219,  0.664770812235,-0.0872956272424,48.3204,0,,REFERENCE_INITIALIZATION
90,11.46,6.12323399574e-17,                1,                0, 0.740289619313, 0.665955183218,-0.088830667042,48.2294,0,CONTINUATION_INFEASIBLE,REFERENCE_INITIALIZATION
90,11.48,6.12323399574e-17,                1,                0,  0.739039699879,  0.667135942461,-0.0903651372961,48.1386,0,,REFERENCE_INITIALIZATION
90,11.5,6.12323399574e-17,                1,                0,  0.737785949748,   0.66831307202,-0.0918990136991,48.048,0,,REFERENCE_INITIALIZATION
90,11.52,6.12323399574e-17,                1,                0,  0.736528389914,  0.669486554122,-0.0934322719813,47.9575,0,,REFERENCE_INITIALIZATION
90,11.54,6.12323399574e-17,                1,                0,  0.735267041534,  0.670656371162,-0.0949648879105,47.8671,0,,REFERENCE_INITIALIZATION
90,11.56,6.12323399574e-17,                1,                0,  0.73400192593, 0.671822505713,-0.096496837294,47.7769,0,,REFERENCE_INITIALIZATION
90,11.58,6.12323399574e-17,                1,                0,0.732952696379,0.673185242356,-0.09496261657,47.6714,0,CONTINUATION_INFEASIBLE,REFERENCE_INITIALIZATION
90,11.6,6.12323399574e-17,                1,                0,  0.731899641746,  0.674544317529,-0.0934279893969,47.5659,0,,REFERENCE_INITIALIZATION
90,11.62,6.12323399574e-17,                1,                0,  0.730842779717,  0.675899710455,-0.0918929803155,47.4606,0,,REFERENCE_INITIALIZATION
90,11.64,6.12323399574e-17,                1,                0,  0.729782128142,  0.677251400534,-0.0903576138749,47.3554,0,,REFERENCE_INITIALIZATION
90,11.66,6.12323399574e-17,                1,                0,  0.728717705033,  0.678599367339,-0.0888219146302,47.2502,0,,REFERENCE_INITIALIZATION
90,11.68,6.12323399574e-17,                1,                0,  0.727649528569,  0.679943590621,-0.0872859071411,47.1452,0,,REFERENCE_INITIALIZATION
90,11.7,6.12323399574e-17,                1,                0,  0.726575911879,  0.681285727975,-0.0857504001992,47.0402,0,CONTINUATION_INFEASIBLE,REFERENCE_INITIALIZATION
90,11.72,6.12323399574e-17,                1,                0,  0.725498505543,  0.682624162176,-0.0842145358096,46.9353,0,,REFERENCE_INITIALIZATION
90,11.74,6.12323399574e-17,                1,                0, 0.724417327623, 0.683958872785,-0.082678338521,46.8305,0,,REFERENCE_INITIALIZATION
90,11.76,6.12323399574e-17,                1,                0,  0.723332396345,   0.68528983954,-0.0811418328877,46.7258,0,,REFERENCE_INITIALIZATION
90,11.78,6.12323399574e-17,                1,                0,  0.722243730097,  0.686617042355,-0.0796050434685,46.6213,0,,REFERENCE_INITIALIZATION
90,11.8,6.12323399574e-17,                1,                0,  0.721151347427,  0.687940461324,-0.0780679948242,46.5168,0,,REFERENCE_INITIALIZATION
90,11.82,6.12323399574e-17,                1,                0,0.719879496844,0.689095500139,-0.07960423975,46.4255,0,CONTINUATION_INFEASIBLE,REFERENCE_INITIALIZATION
90,11.84,6.12323399574e-17,                1,                0,  0.718603904819,  0.690246806268,-0.0811399640515,46.3344,0,,REFERENCE_INITIALIZATION
90,11.86,6.12323399574e-17,                1,                0,  0.717324592559,  0.691394362259,-0.0826751433913,46.2434,0,,REFERENCE_INITIALIZATION
90,11.88,6.12323399574e-17,                1,                0,  0.716041581432,  0.692538150837,-0.0842097534652,46.1526,0,,REFERENCE_INITIALIZATION
90,11.9,6.12323399574e-17,                1,                0,  0.714754892962,  0.693678154903,-0.0857437700047,46.0619,0,,REFERENCE_INITIALIZATION
90,11.92,6.12323399574e-17,                1,                0,  0.713464548833,  0.694814357538,-0.0872771687787,45.9714,0,,REFERENCE_INITIALIZATION
90,11.94,6.12323399574e-17,                1,                0,  0.712363455979,  0.696134045523,-0.0857416606572,45.8661,0,CONTINUATION_INFEASIBLE,REFERENCE_INITIALIZATION
90,11.96,6.12323399574e-17,                1,                0,  0.711258650714,  0.697449952958,-0.0842057951367,45.7609,0,,REFERENCE_INITIALIZATION
90,11.98,6.12323399574e-17,                1,                0,  0.710150151517,   0.69876205978,-0.0826695967659,45.6559,0,,REFERENCE_INITIALIZATION
90,12,6.12323399574e-17,                1,                0,  0.709037977027,  0.700070346105,-0.0811330900989,45.5509,0,,REFERENCE_INITIALIZATION
90,12.02,6.12323399574e-17,                1,                0,  0.707922146042,  0.701374792232,-0.0795962996941,45.4461,0,,REFERENCE_INITIALIZATION
90,12.04,6.12323399574e-17,                1,                0,  0.706626999577,  0.702503906519,-0.0811323542501,45.3552,0,CONTINUATION_INFEASIBLE,REFERENCE_INITIALIZATION
90,12.06,6.12323399574e-17,                1,                0,  0.705328183463,  0.703629218514,-0.0826678800743,45.2645,0,,REFERENCE_INITIALIZATION
90,12.08,6.12323399574e-17,                1,                0,  0.704025719265,  0.704750711202,-0.0842028528345,45.174,0,,REFERENCE_INITIALIZATION
90,12.1,6.12323399574e-17,                1,                0,  0.702719628705,  0.705868367746,-0.0857372482325,45.0836,0,,REFERENCE_INITIALIZATION
90,12.12,6.12323399574e-17,                1,                0,  0.701409933659,  0.706982171488,-0.0872710420059,44.9934,0,,REFERENCE_INITIALIZATION
90,12.14,6.12323399574e-17,                1,                0,0.700096656156,0.708092105952,-0.08880420993,44.9033,0,,REFERENCE_INITIALIZATION
90,12.16,6.12323399574e-17,                1,                0,  0.698972448809,  0.709392400702,-0.0872689059071,44.7976,0,CONTINUATION_INFEASIBLE,REFERENCE_INITIALIZATION
90,12.18,6.12323399574e-17,                1,                0,  0.697844601594,  0.710688845703,-0.0857332363575,44.6921,0,,REFERENCE_INITIALIZATION
90,12.2,6.12323399574e-17,                1,                0,  0.696713133345,  0.711981421221,-0.0841972258291,44.5867,0,,REFERENCE_INITIALIZATION
90,12.22,6.12323399574e-17,                1,                0,  0.695578063049,  0.713270107706,-0.0826608988759,44.4814,0,,REFERENCE_INITIALIZATION
90,12.24,6.12323399574e-17,                1,                0,  0.694439409849,   0.71455488579,-0.0811242800562,44.3762,0,,REFERENCE_INITIALIZATION
90,12.26,6.12323399574e-17,                1,                0,  0.693297193043,   0.71583573629,-0.0795873939309,44.2711,0,,REFERENCE_INITIALIZATION
90,12.28,6.12323399574e-17,                1,                0,   0.69197902922,  0.716937890695,-0.0811234495439,44.1805,0,CONTINUATION_INFEASIBLE,REFERENCE_INITIALIZATION
90,12.3,6.12323399574e-17,                1,                0,  0.690657275048,  0.718036167933,-0.0826589764768,44.0901,0,,REFERENCE_INITIALIZATION
90,12.32,6.12323399574e-17,                1,                0,  0.689331952433,  0.719130551433,-0.0841939503973,43.9999,0,,REFERENCE_INITIALIZATION
90,12.34,6.12323399574e-17,                1,                0,  0.688003083436,  0.720221024805,-0.0857283470068,43.9099,0,,REFERENCE_INITIALIZATION
90,12.36,6.12323399574e-17,                1,                0,  0.686670690267,  0.721307571842,-0.0872621420425,43.82,0,,REFERENCE_INITIALIZATION
90,12.38,6.12323399574e-17,                1,                0,  0.685520448019,  0.722584646166,-0.0857266320367,43.7142,0,CONTINUATION_INFEASIBLE,REFERENCE_INITIALIZATION
90,12.4,6.12323399574e-17,                1,                0,  0.684366638951,  0.723857802128,-0.0841907647006,43.6085,0,,REFERENCE_INITIALIZATION
90,12.42,6.12323399574e-17,                1,                0, 0.683209282296, 0.725127020385,-0.082654564584,43.503,0,,REFERENCE_INITIALIZATION
90,12.44,6.12323399574e-17,                1,                0,  0.682048397437,   0.72639228178,-0.0811180562421,43.3975,0,,REFERENCE_INITIALIZATION
90,12.46,6.12323399574e-17,                1,                0,   0.68088400391,  0.727653567341,-0.0795812642342,43.2922,0,,REFERENCE_INITIALIZATION
90,12.48,6.12323399574e-17,                1,                0, 0.679716121401, 0.728910858286,-0.078044213122,43.187,0,,REFERENCE_INITIALIZATION
90,12.5,6.12323399574e-17,                1,                0,  0.678378968298,   0.72998962193,-0.0795804610245,43.0966,0,CONTINUATION_INFEASIBLE,REFERENCE_INITIALIZATION
90,12.52,6.12323399574e-17,                1,                0,  0.677038298247,   0.73106444057,-0.0811161884257,43.0064,0,,REFERENCE_INITIALIZATION
90,12.54,6.12323399574e-17,                1,                0,  0.675694133442,  0.732135298026,-0.0826513709882,42.9163,0,,REFERENCE_INITIALIZATION
90,12.56,6.12323399574e-17,                1,                0,  0.674346496226,  0.733202178303,-0.0841859844082,42.8264,0,,REFERENCE_INITIALIZATION
90,12.58,6.12323399574e-17,                1,                0,  0.672995409089,  0.734265065592,-0.0857200044171,42.7367,0,,REFERENCE_INITIALIZATION
90,12.6,6.12323399574e-17,                1,                0, 0.671640894666, 0.735323944271,-0.087253406784,42.6472,0,,REFERENCE_INITIALIZATION
90,12.62,6.12323399574e-17,                1,                0,  0.670464535335,  0.736577000931,-0.0857178955425,42.5411,0,CONTINUATION_INFEASIBLE,REFERENCE_INITIALIZATION
90,12.64,6.12323399574e-17,                1,                0,  0.669284690852,  0.737826066519,-0.0841820270257,42.4351,0,,REFERENCE_INITIALIZATION
90,12.66,6.12323399574e-17,                1,                0,  0.668101380841,  0.739071122088,-0.0826458257823,42.3293,0,,REFERENCE_INITIALIZATION
90,12.68,6.12323399574e-17,                1,                0, 0.666914625071, 0.740312148881,-0.081109316367,42.2235,0,,REFERENCE_INITIALIZATION
90,12.7,6.12323399574e-17,                1,                0,  0.665724443461,  0.741549128329,-0.0795725233382,42.1179,0,,REFERENCE_INITIALIZATION
90,12.72,6.12323399574e-17,                1,                0, 0.664530856078, 0.742782042056,-0.078035471257,42.0125,0,,REFERENCE_INITIALIZATION
90,12.74,6.12323399574e-17,                1,                0,  0.663171736155,  0.743832993657,-0.0795717201982,41.9224,0,CONTINUATION_INFEASIBLE,REFERENCE_INITIALIZATION
90,12.76,6.12323399574e-17,                1,                0,  0.661809181467,  0.744879928553,-0.0811074486874,41.8325,0,,REFERENCE_INITIALIZATION
90,12.78,6.12323399574e-17,                1,                0, 0.660443214533, 0.745922831021,-0.082642632387,41.7428,0,,REFERENCE_INITIALIZATION
90,12.8,6.12323399574e-17,                1,                0,  0.659073858018,   0.74696168553,-0.0841772469928,41.6533,0,,REFERENCE_INITIALIZATION
90,12.82,6.12323399574e-17,                1,                0,  0.657701134731,  0.747996476733,-0.0857112682362,41.564,0,,REFERENCE_INITIALIZATION
90,12.84,6.12323399574e-17,                1,                0,  0.656325067624,  0.749027189478,-0.0872446718859,41.4749,0,,REFERENCE_INITIALIZATION
90,12.86,6.12323399574e-17,                1,                0,  0.655123093018,  0.750255694948,-0.0857091594628,41.3685,0,CONTINUATION_INFEASIBLE,REFERENCE_INITIALIZATION
90,12.88,6.12323399574e-17,                1,                0,  0.653917716373,  0.751480138295,-0.0841732898136,41.2622,0,,REFERENCE_INITIALIZATION
90,12.9,6.12323399574e-17,                1,                0,  0.652708957698,  0.752700500984,-0.0826370874866,41.156,0,,REFERENCE_INITIALIZATION
90,12.92,6.12323399574e-17,                1,                0,  0.651496837144,  0.753916764664,-0.0811005770363,41.05,0,,REFERENCE_INITIALIZATION
90,12.94,6.12323399574e-17,                1,                0, 0.650281375008, 0.755128911183,-0.079563783021,40.9441,0,,REFERENCE_INITIALIZATION
90,12.96,6.12323399574e-17,                1,                0