t,x,y,z,vx,vy,vz,qx,qy,qz,status,esdf_clearance_r048,collision_blocks,recorded_balls,revoked_balls,expired_views,evicted_views,build_reason,required_prefix,best_prefix,free_directions,recorded_tubes,grid_refined,command_changed,intent_change_angle,refreshed,continued,reset_reason,diagnostic_stamp,input_x,input_y,input_z,target_x,target_y,target_z,reference_intent_x,reference_intent_y,reference_intent_z,command_x,command_y,command_z,applied_target_x,applied_target_y,applied_target_z
0.0,-64.0,-11.2,2.8,0.0,0.0,0.0,0.0,0.0,0.0,WAITING_ODOMETRY,3.4576320838928183,0,,,,,,,,,,,,,,,,,,,,,,,,,,,,,0.0,0.0,0.0
0.016666666666666666,-64.0,-11.2,2.8,0.0,0.0,0.0,0.0,0.0,0.0,WAITING_VERIFIED_START_POSE,3.4576320838928183,0,,,,,,,,,,,,,,,,,,,,,,,,,,,,,0.0,0.0,0.0
0.03333333333333333,-64.0,-11.2,2.8,0.0,0.0,0.0,0.0,0.0,0.0,WAITING_VERIFIED_START_POSE,3.4576320838928183,0,,,,,,,,,,,,,,,,,,,,,,,,,,,,,0.0,0.0,0.0
0.05,-64.0,-11.2,2.8,0.0,0.0,0.0,0.0,0.0,0.0,ZERO_INTENT,3.4576320838928183,0,,,,,,,,,,,,,,,,,,,,,,,,,,,,,0.0,0.0,0.0
0.06666666666666667,-64.0,-11.2,2.8,0.0,0.0,0.0,0.0,0.0,0.0,ZERO_INTENT,3.4576320838928183,0,,,,,,,,,,,,,,,,,,,,,,,,,,,,,0.0,0.0,0.0
0.08333333333333333,-64.0,-11.2,2.8,0.0,0.0,0.0,0.0,0.0,0.0,ZERO_INTENT,3.4576320838928183,0,,,,,,,,,,,,,,,,,,,,,,,,,,,,,0.0,0.0,0.0
0.1,-64.0,-11.2,2.8,0.0,0.0,0.0,0.0,0.0,0.0,ZERO_INTENT,3.4576320838928183,0,,,,,,,,,,,,,,,,,,,,,,,,,,,,,0.0,0.0,0.0
0.11666666666666667,-64.0,-11.2,2.8,0.0,0.0,0.0,0.0,0.0,0.0,ZERO_INTENT,3.4576320838928183,0,,,,,,,,,,,,,,,,,,,,,,,,,,,,,0.0,0.0,0.0
0.13333333333333333,-64.0,-11.2,2.8,0.0,0.0,0.0,0.0,0.0,0.0,ZERO_INTENT,3.4576320838928183,0,,,,,,,,,,,,,,,,,,,,,,,,,,,,,0.0,0.0,0.0
0.15,-64.0,-11.2,2.8,0.0,0.0,0.0,0.0,0.0,0.0,ZERO_INTENT,3.4576320838928183,0,,,,,,,,,,,,,,,,,,,,,,,,,,,,,0.0,0.0,0.0
0.16666666666666666,-64.0,-11.2,2.8,0.0,0.0,0.0,0.0,0.0,0.0,ZERO_INTENT,3.4576320838928183,0,,,,,,,,,,,,,,,,,,,,,,,,,,,,,0.0,0.0,0.0
0.18333333333333332,-64.0,-11.2,2.8,0.0,0.0,0.0,0.0,0.0,0.0,ZERO_INTENT,3.4576320838928183,0,,,,,,,,,,,,,,,,,,,,,,,,,,,,,0.0,0.0,0.0
0.2,-64.0,-11.2,2.8,0.0,0.0,0.0,0.0,0.0,0.0,ZERO_INTENT,3.4576320838928183,0,,,,,,,,,,,,,,,,,,,,,,,,,,,,,0.0,0.0,0.0
0.21666666666666667,-64.0,-11.2,2.8,0.0,0.0,0.0,0.0,0.0,0.0,ZERO_INTENT,3.4576320838928183,0,,,,,,,,,,,,,,,,,,,,,,,,,,,,,0.0,0.0,0.0
0.23333333333333334,-64.0,-11.2,2.8,0.0,0.0,0.0,0.0,0.0,0.0,ZERO_INTENT,3.4576320838928183,0,,,,,,,,,,,,,,,,,,,,,,,,,,,,,0.0,0.0,0.0
0.25,-64.0,-11.2,2.8,0.0,0.0,0.0,0.0,0.0,0.0,ZERO_INTENT,3.4576320838928183,0,,,,,,,,,,,,,,,,,,,,,,,,,,,,,0.0,0.0,0.0
0.26666666666666666,-64.0,-11.2,2.8,0.0,0.0,0.0,0.0,0.0,0.0,ZERO_INTENT,3.4576320838928183,0,,,,,,,,,,,,,,,,,,,,,,,,,,,,,0.0,0.0,0.0
0.2833333333333333,-64.0,-11.2,2.8,0.0,0.0,0.0,0.0,0.0,0.0,ZERO_INTENT,3.4576320838928183,0,,,,,,,,,,,,,,,,,,,,,,,,,,,,,0.0,0.0,0.0
0.3,-64.0,-11.2,2.8,0.0,0.0,0.0,0.0,0.0,0.0,ZERO_INTENT,3.4576320838928183,0,,,,,,,,,,,,,,,,,,,,,,,,,,,,,0.0,0.0,0.0
0.31666666666666665,-64.0,-11.2,2.8,0.0,0.0,0.0,0.0,0.0,0.0,ZERO_INTENT,3.4576320838928183,0,,,,,,,,,,,,,,,,,,,,,,,,,,,,,0.0,0.0,0.0
0.3333333333333333,-64.0,-11.2,2.8,0.0,0.0,0.0,0.0,0.0,0.0,ZERO_INTENT,3.4576320838928183,0,,,,,,,,,,,,,,,,,,,,,,,,,,,,,0.0,0.0,0.0
0.35,-64.0,-11.2,2.8,0.0,0.0,0.0,0.0,0.0,0.0,ZERO_INTENT,3.4576320838928183,0,,,,,,,,,,,,,,,,,,,,,,,,,,,,,0.0,0.0,0.0
0.36666666666666664,-64.0,-11.2,2.8,0.0,0.0,0.0,0.0,0.0,0.0,ZERO_INTENT,3.4576320838928183,0,,,,,,,,,,,,,,,,,,,,,,,,,,,,,0.0,0.0,0.0
0.38333333333333336,-64.0,-11.2,2.8,0.0,0.0,0.0,0.0,0.0,0.0,ZERO_INTENT,3.4576320838928183,0,,,,,,,,,,,,,,,,,,,,,,,,,,,,,0.0,0.0,0.0
0.4,-64.0,-11.2,2.8,0.0,0.0,0.0,0.0,0.0,0.0,ZERO_INTENT,3.4576320838928183,0,,,,,,,,,,,,,,,,,,,,,,,,,,,,,0.0,0.0,0.0
0.4166666666666667,-64.0,-11.2,2.8,0.0,0.0,0.0,0.0,0.0,0.0,ZERO_INTENT,3.4576320838928183,0,,,,,,,,,,,,,,,,,,,,,,,,,,,,,0.0,0.0,0.0
0.43333333333333335,-64.0,-11.2,2.8,0.0,0.0,0.0,0.0,0.0,0.0,ZERO_INTENT,3.4576320838928183,0,,,,,,,,,,,,,,,,,,,,,,,,,,,,,0.0,0.0,0.0
0.45,-64.0,-11.2,2.8,0.0,0.0,0.0,0.0,0.0,0.0,ZERO_INTENT,3.4576320838928183,0,,,,,,,,,,,,,,,,,,,,,,,,,,,,,0.0,0.0,0.0
0.4666666666666667,-64.0,-11.2,2.8,0.0,0.0,0.0,0.0,0.0,0.0,ZERO_INTENT,3.4576320838928183,0,,,,,,,,,,,,,,,,,,,,,,,,,,,,,0.0,0.0,0.0
0.48333333333333334,-64.0,-11.2,2.8,0.0,0.0,0.0,0.0,0.0,0.0,ZERO_INTENT,3.4576320838928183,0,,,,,,,,,,,,,,,,,,,,,,,,,,,,,0.0,0.0,0.0
0.5,-64.0,-11.2,2.8,0.0,0.0,0.0,0.0,0.0,0.0,ZERO_INTENT,3.4576320838928183,0,,,,,,,,,,,,,,,,,,,,,,,,,,,,,0.0,0.0,0.0
0.5166666666666667,-64.0,-11.2,2.8,0.0,0.0,0.0,0.0,0.0,0.0,ZERO_INTENT,3.4576320838928183,0,,,,,,,,,,,,,,,,,,,,,,,,,,,,,0.0,0.0,0.0
0.5333333333333333,-64.0,-11.2,2.8,0.0,0.0,0.0,0.0,0.0,0.0,ZERO_INTENT,3.4576320838928183,0,,,,,,,,,,,,,,,,,,,,,,,,,,,,,0.0,0.0,0.0
0.55,-64.0,-11.2,2.8,0.0,0.0,0.0,0.0,0.0,0.0,ZERO_INTENT,3.4576320838928183,0,,,,,,,,,,,,,,,,,,,,,,,,,,,,,0.0,0.0,0.0
0.5666666666666667,-64.0,-11.2,2.8,0.0,0.0,0.0,0.0,0.0,0.0,ZERO_INTENT,3.4576320838928183,0,,,,,,,,,,,,,,,,,,,,,,,,,,,,,0.0,0.0,0.0
0.5833333333333334,-64.0,-11.2,2.8,0.0,0.0,0.0,0.0,0.0,0.0,ZERO_INTENT,3.4576320838928183,0,,,,,,,,,,,,,,,,,,,,,,,,,,,,,0.0,0.0,0.0
0.6,-64.0,-11.2,2.8,0.0,0.0,0.0,0.0,0.0,0.0,ZERO_INTENT,3.4576320838928183,0,,,,,,,,,,,,,,,,,,,,,,,,,,,,,0.0,0.0,0.0
0.6166666666666667,-64.0,-11.2,2.8,0.0,0.0,0.0,0.0,0.0,0.0,ZERO_INTENT,3.4576320838928183,0,,,,,,,,,,,,,,,,,,,,,,,,,,,,,0.0,0.0,0.0
0.6333333333333333,-64.0,-11.2,2.8,0.0,0.0,0.0,0.0,0.0,0.0,ZERO_INTENT,3.4576320838928183,0,,,,,,,,,,,,,,,,,,,,,,,,,,,,,0.0,0.0,0.0
0.65,-64.0,-11.2,2.8,0.0,0.0,0.0,0.0,0.0,0.0,ZERO_INTENT,3.4576320838928183,0,,,,,,,,,,,,,,,,,,,,,,,,,,,,,0.0,0.0,0.0
0.6666666666666666,-64.0,-11.2,2.8,0.0,0.0,0.0,0.0,0.0,0.0,ZERO_INTENT,3.4576320838928183,0,,,,,,,,,,,,,,,,,,,,,,,,,,,,,0.0,0.0,0.0
0.6833333333333333,-64.0,-11.2,2.8,0.0,0.0,0.0,0.0,0.0,0.0,ZERO_INTENT,3.4576320838928183,0,,,,,,,,,,,,,,,,,,,,,,,,,,,,,0.0,0.0,0.0
0.7,-64.0,-11.2,2.8,0.0,0.0,0.0,0.0,0.0,0.0,ZERO_INTENT,3.4576320838928183,0,,,,,,,,,,,,,,,,,,,,,,,,,,,,,0.0,0.0,0.0
0.7166666666666667,-64.0,-11.2,2.8,0.0,0.0,0.0,0.0,0.0,0.0,ZERO_INTENT,3.4576320838928183,0,,,,,,,,,,,,,,,,,,,,,,,,,,,,,0.0,0.0,0.0
0.7333333333333333,-64.0,-11.2,2.8,0.0,0.0,0.0,0.0,0.0,0.0,ZERO_INTENT,3.4576320838928183,0,,,,,,,,,,,,,,,,,,,,,,,,,,,,,0.0,0.0,0.0
0.75,-64.0,-11.2,2.8,0.0,0.0,0.0,0.0,0.0,0.0,ZERO_INTENT,3.4576320838928183,0,,,,,,,,,,,,,,,,,,,,,,,,,,,,,0.0,0.0,0.0
0.7666666666666667,-64.0,-11.2,2.8,0.0,0.0,0.0,0.0,0.0,0.0,ZERO_INTENT,3.4576320838928183,0,,,,,,,,,,,,,,,,,,,,,,,,,,,,,0.0,0.0,0.0
0.7833333333333333,-64.0,-11.2,2.8,0.0,0.0,0.0,0.0,0.0,0.0,ZERO_INTENT,3.4576320838928183,0,,,,,,,,,,,,,,,,,,,,,,,,,,,,,0.0,0.0,0.0
0.8,-64.0,-11.2,2.8,0.0,0.0,0.0,0.0,0.0,0.0,ZERO_INTENT,3.4576320838928183,0,,,,,,,,,,,,,,,,,,,,,,,,,,,,,0.0,0.0,0.0
0.8166666666666667,-64.0,-11.2,2.8,0.0,0.0,0.0,0.0,0.0,0.0,ZERO_INTENT,3.4576320838928183,0,,,,,,,,,,,,,,,,,,,,,,,,,,,,,0.0,0.0,0.0
0.8333333333333334,-64.0,-11.2,2.8,0.0,0.0,0.0,0.0,0.0,0.0,ZERO_INTENT,3.4576320838928183,0,,,,,,,,,,,,,,,,,,,,,,,,,,,,,0.0,0.0,0.0
0.85,-64.0,-11.2,2.8,0.0,0.0,0.0,0.0,0.0,0.0,ZERO_INTENT,3.4576320838928183,0,,,,,,,,,,,,,,,,,,,,,,,,,,,,,0.0,0.0,0.0
0.8666666666666667,-64.0,-11.2,2.8,0.0,0.0,0.0,0.0,0.0,0.0,ZERO_INTENT,3.4576320838928183,0,,,,,,,,,,,,,,,,,,,,,,,,,,,,,0.0,0.0,0.0
0.8833333333333333,-64.0,-11.2,2.8,0.0,0.0,0.0,0.0,0.0,0.0,ZERO_INTENT,3.4576320838928183,0,,,,,,,,,,,,,,,,,,,,,,,,,,,,,0.0,0.0,0.0
0.9,-64.0,-11.2,2.8,0.0,0.0,0.0,0.0,0.0,0.0,ZERO_INTENT,3.4576320838928183,0,,,,,,,,,,,,,,,,,,,,,,,,,,,,,0.0,0.0,0.0
0.9166666666666666,-64.0,-11.2,2.8,0.0,0.0,0.0,0.0,0.0,0.0,ZERO_INTENT,3.4576320838928183,0,,,,,,,,,,,,,,,,,,,,,,,,,,,,,0.0,0.0,0.0
0.9333333333333333,-64.0,-11.2,2.8,0.0,0.0,0.0,0.0,0.0,0.0,ZERO_INTENT,3.4576320838928183,0,,,,,,,,,,,,,,,,,,,,,,,,,,,,,0.0,0.0,0.0
0.95,-64.0,-11.2,2.8,0.0,0.0,0.0,0.0,0.0,0.0,ZERO_INTENT,3.4576320838928183,0,,,,,,,,,,,,,,,,,,,,,,,,,,,,,0.0,0.0,0.0
0.9666666666666667,-64.0,-11.2,2.8,0.0,0.0,0.0,0.0,0.0,0.0,ZERO_INTENT,3.4576320838928183,0,,,,,,,,,,,,,,,,,,,,,,,,,,,,,0.0,0.0,0.0
0.9833333333333333,-64.0,-11.2,2.8,0.0,0.0,0.0,0.0,0.0,0.0,ZERO_INTENT,3.4576320838928183,0,,,,,,,,,,,,,,,,,,,,,,,,,,,,,0.0,0.0,0.0
1.0,-64.0,-11.2,2.8,0.0,0.0,0.0,0.0,0.0,0.0,ZERO_INTENT,3.4576320838928183,0,,,,,,,,,,,,,,,,,,,,,,,,,,,,,0.0,0.0,0.0
1.0166666666666666,-64.0,-11.2,2.8,0.0,0.0,0.0,0.0,0.0,0.0,ZERO_INTENT,3.4576320838928183,0,,,,,,,,,,,,,,,,,,,,,,,,,,,,,0.0,0.0,0.0
1.0333333333333334,-64.0,-11.2,2.8,0.0,0.0,0.0,0.0,0.0,0.0,ZERO_INTENT,3.4576320838928183,0,,,,,,,,,,,,,,,,,,,,,,,,,,,,,0.0,0.0,0.0
1.05,-64.0,-11.2,2.8,0.0,0.0,0.0,0.0,0.0,0.0,ZERO_INTENT,3.4576320838928183,0,,,,,,,,,,,,,,,,,,,,,,,,,,,,,0.0,0.0,0.0
1.0666666666666667,-64.0,-11.2,2.8,0.0,0.0,0.0,0.0,0.0,0.0,ZERO_INTENT,3.4576320838928183,0,,,,,,,,,,,,,,,,,,,,,,,,,,,,,0.0,0.0,0.0
1.0833333333333333,-64.0,-11.2,2.8,0.0,0.0,0.0,0.0,0.0,0.0,ZERO_INTENT,3.4576320838928183,0,,,,,,,,,,,,,,,,,,,,,,,,,,,,,0.0,0.0,0.0
1.1,-64.0,-11.2,2.8,0.0,0.0,0.0,0.0,0.0,0.0,ZERO_INTENT,3.4576320838928183,0,,,,,,,,,,,,,,,,,,,,,,,,,,,,,0.0,0.0,0.0
1.1166666666666667,-64.0,-11.2,2.8,0.0,0.0,0.0,0.0,0.0,0.0,ZERO_INTENT,3.4576320838928183,0,,,,,,,,,,,,,,,,,,,,,,,,,,,,,0.0,0.0,0.0
1.1333333333333333,-64.0,-11.2,2.8,0.0,0.0,0.0,0.0,0.0,0.0,ZERO_INTENT,3.4576320838928183,0,,,,,,,,,,,,,,,,,,,,,,,,,,,,,0.0,0.0,0.0
1.15,-64.0,-11.2,2.8,0.0,0.0,0.0,0.0,0.0,0.0,ZERO_INTENT,3.4576320838928183,0,,,,,,,,,,,,,,,,,,,,,,,,,,,,,0.0,0.0,0.0
1.1666666666666667,-64.0,-11.2,2.8,0.0,0.0,0.0,0.0,0.0,0.0,ZERO_INTENT,3.4576320838928183,0,,,,,,,,,,,,,,,,,,,,,,,,,,,,,0.0,0.0,0.0
1.1833333333333333,-64.0,-11.2,2.8,0.0,0.0,0.0,0.0,0.0,0.0,ZERO_INTENT,3.4576320838928183,0,,,,,,,,,,,,,,,,,,,,,,,,,,,,,0.0,0.0,0.0
1.2,-64.0,-11.2,2.8,0.0,0.0,0.0,0.0,0.0,0.0,ZERO_INTENT,3.4576320838928183,0,,,,,,,,,,,,,,,,,,,,,,,,,,,,,0.0,0.0,0.0
1.2166666666666666,-64.0,-11.2,2.8,0.0,0.0,0.0,0.0,0.0,0.0,ZERO_INTENT,3.4576320838928183,0,,,,,,,,,,,,,,,,,,,,,,,,,,,,,0.0,0.0,0.0
1.2333333333333334,-64.0,-11.2,2.8,0.0,0.0,0.0,0.0,0.0,0.0,ZERO_INTENT,3.4576320838928183,0,,,,,,,,,,,,,,,,,,,,,,,,,,,,,0.0,0.0,0.0
1.25,-64.0,-11.2,2.8,0.0,0.0,0.0,0.0,0.0,0.0,ZERO_INTENT,3.4576320838928183,0,,,,,,,,,,,,,,,,,,,,,,,,,,,,,0.0,0.0,0.0
1.2666666666666666,-64.0,-11.2,2.8,0.0,0.0,0.0,0.0,0.0,0.0,ZERO_INTENT,3.4576320838928183,0,,,,,,,,,,,,,,,,,,,,,,,,,,,,,0.0,0.0,0.0
1.2833333333333334,-64.0,-11.2,2.8,0.0,0.0,0.0,0.0,0.0,0.0,ZERO_INTENT,3.4576320838928183,0,,,,,,,,,,,,,,,,,,,,,,,,,,,,,0.0,0.0,0.0
1.3,-64.0,-11.2,2.8,0.0,0.0,0.0,0.0,0.0,0.0,ZERO_INTENT,3.4576320838928183,0,,,,,,,,,,,,,,,,,,,,,,,,,,,,,0.0,0.0,0.0
1.3166666666666667,-64.0,-11.2,2.8,0.0,0.0,0.0,0.0,0.0,0.0,ZERO_INTENT,3.4576320838928183,0,,,,,,,,,,,,,,,,,,,,,,,,,,,,,0.0,0.0,0.0
1.3333333333333333,-64.0,-11.2,2.8,0.0,0.0,0.0,0.0,0.0,0.0,ZERO_INTENT,3.4576320838928183,0,,,,,,,,,,,,,,,,,,,,,,,,,,,,,0.0,0.0,0.0
1.35,-64.0,-11.2,2.8,0.0,0.0,0.0,0.0,0.0,0.0,ZERO_INTENT,3.4576320838928183,0,,,,,,,,,,,,,,,,,,,,,,,,,,,,,0.0,0.0,0.0
1.3666666666666667,-64.0,-11.2,2.8,0.0,0.0,0.0,0.0,0.0,0.0,ZERO_INTENT,3.4576320838928183,0,,,,,,,,,,,,,,,,,,,,,,,,,,,,,0.0,0.0,0.0
1.3833333333333333,-64.0,-11.2,2.8,0.0,0.0,0.0,0.0,0.0,0.0,ZERO_INTENT,3.4576320838928183,0,,,,,,,,,,,,,,,,,,,,,,,,,,,,,0.0,0.0,0.0
1.4,-64.0,-11.2,2.8,0.0,0.0,0.0,0.0,0.0,0.0,ZERO_INTENT,3.4576320838928183,0,,,,,,,,,,,,,,,,,,,,,,,,,,,,,0.0,0.0,0.0
1.4166666666666667,-64.0,-11.2,2.8,0.0,0.0,0.0,0.0,0.0,0.0,ZERO_INTENT,3.4576320838928183,0,,,,,,,,,,,,,,,,,,,,,,,,,,,,,0.0,0.0,0.0
1.4333333333333333,-64.0,-11.2,2.8,0.0,0.0,0.0,0.0,0.0,0.0,ZERO_INTENT,3.4576320838928183,0,,,,,,,,,,,,,,,,,,,,,,,,,,,,,0.0,0.0,0.0
1.45,-64.0,-11.2,2.8,0.0,0.0,0.0,0.0,0.0,0.0,ZERO_INTENT,3.4576320838928183,0,,,,,,,,,,,,,,,,,,,,,,,,,,,,,0.0,0.0,0.0
1.4666666666666666,-64.0,-11.2,2.8,0.0,0.0,0.0,0.0,0.0,0.0,ZERO_INTENT,3.4576320838928183,0,,,,,,,,,,,,,,,,,,,,,,,,,,,,,0.0,0.0,0.0
1.4833333333333334,-64.0,-11.2,2.8,0.0,0.0,0.0,0.0,0.0,0.0,ZERO_INTENT,3.4576320838928183,0,,,,,,,,,,,,,,,,,,,,,,,,,,,,,0.0,0.0,0.0
1.5,-64.0,-11.2,2.8,0.0,0.0,0.0,0.0,0.0,0.0,ZERO_INTENT,3.4576320838928183,0,,,,,,,,,,,,,,,,,,,,,,,,,,,,,0.0,0.0,0.0
1.5166666666666666,-64.0,-11.2,2.8,0.0,0.0,0.0,0.0,0.0,0.0,ZERO_INTENT,3.4576320838928183,0,,,,,,,,,,,,,,,,,,,,,,,,,,,,,0.0,0.0,0.0
1.5333333333333334,-64.0,-11.2,2.8,0.0,0.0,0.0,0.0,0.0,0.0,ZERO_INTENT,3.4576320838928183,0,,,,,,,,,,,,,,,,,,,,,,,,,,,,,0.0,0.0,0.0
1.55,-64.0,-11.2,2.8,0.0,0.0,0.0,0.0,0.0,0.0,ZERO_INTENT,3.4576320838928183,0,,,,,,,,,,,,,,,,,,,,,,,,,,,,,0.0,0.0,0.0
1.5666666666666667,-64.0,-11.2,2.8,0.0,0.0,0.0,0.0,0.0,0.0,ZERO_INTENT,3.4576320838928183,0,,,,,,,,,,,,,,,,,,,,,,,,,,,,,0.0,0.0,0.0
1.5833333333333333,-64.0,-11.2,2.8,0.0,0.0,0.0,0.0,0.0,0.0,ZERO_INTENT,3.4576320838928183,0,,,,,,,,,,,,,,,,,,,,,,,,,,,,,0.0,0.0,0.0
1.6,-64.0,-11.2,2.8,0.0,0.0,0.0,0.0,0.0,0.0,ZERO_INTENT,3.4576320838928183,0,,,,,,,,,,,,,,,,,,,,,,,,,,,,,0.0,0.0,0.0
1.6166666666666667,-64.0,-11.2,2.8,0.0,0.0,0.0,0.0,0.0,0.0,ZERO_INTENT,3.4576320838928183,0,,,,,,,,,,,,,,,,,,,,,,,,,,,,,0.0,0.0,0.0
1.6333333333333333,-64.0,-11.2,2.8,0.0,0.0,0.0,0.0,0.0,0.0,ZERO_INTENT,3.4576320838928183,0,,,,,,,,,,,,,,,,,,,,,,,,,,,,,0.0,0.0,0.0
1.65,-64.0,-11.2,2.8,0.0,0.0,0.0,0.0,0.0,0.0,ZERO_INTENT,3.4576320838928183,0,,,,,,,,,,,,,,,,,,,,,,,,,,,,,0.0,0.0,0.0
1.6666666666666667,-64.0,-11.2,2.8,0.0,0.0,0.0,0.0,0.0,0.0,ZERO_INTENT,3.4576320838928183,0,,,,,,,,,,,,,,,,,,,,,,,,,,,,,0.0,0.0,0.0
1.6833333333333333,-64.0,-11.2,2.8,0.0,0.0,0.0,0.0,0.0,0.0,ZERO_INTENT,3.4576320838928183,0,,,,,,,,,,,,,,,,,,,,,,,,,,,,,0.0,0.0,0.0
1.7,-64.0,-11.2,2.8,0.0,0.0,0.0,0.0,0.0,0.0,ZERO_INTENT,3.4576320838928183,0,,,,,,,,,,,,,,,,,,,,,,,,,,,,,0.0,0.0,0.0
1.7166666666666666,-64.0,-11.2,2.8,0.0,0.0,0.0,0.0,0.0,0.0,ZERO_INTENT,3.4576320838928183,0,,,,,,,,,,,,,,,,,,,,,,,,,,,,,0.0,0.0,0.0
1.7333333333333334,-64.0,-11.2,2.8,0.0,0.0,0.0,0.0,0.0,0.0,ZERO_INTENT,3.4576320838928183,0,,,,,,,,,,,,,,,,,,,,,,,,,,,,,0.0,0.0,0.0
1.75,-64.0,-11.2,2.8,0.0,0.0,0.0,0.0,0.0,0.0,ZERO_INTENT,3.4576320838928183,0,,,,,,,,,,,,,,,,,,,,,,,,,,,,,0.0,0.0,0.0
1.7666666666666666,-64.0,-11.2,2.8,0.0,0.0,0.0,0.0,0.0,0.0,ZERO_INTENT,3.4576320838928183,0,,,,,,,,,,,,,,,,,,,,,,,,,,,,,0.0,0.0,0.0
1.7833333333333334,-64.0,-11.2,2.8,0.0,0.0,0.0,0.0,0.0,0.0,ZERO_INTENT,3.4576320838928183,0,,,,,,,,,,,,,,,,,,,,,,,,,,,,,0.0,0.0,0.0
1.8,-64.0,-11.2,2.8,0.0,0.0,0.0,0.0,0.0,0.0,ZERO_INTENT,3.4576320838928183,0,,,,,,,,,,,,,,,,,,,,,,,,,,,,,0.0,0.0,0.0
1.8166666666666667,-64.0,-11.2,2.8,0.0,0.0,0.0,0.0,0.0,0.0,ZERO_INTENT,3.4576320838928183,0,,,,,,,,,,,,,,,,,,,,,,,,,,,,,0.0,0.0,0.0
1.8333333333333333,-64.0,-11.2,2.8,0.0,0.0,0.0,0.0,0.0,0.0,ZERO_INTENT,3.4576320838928183,0,,,,,,,,,,,,,,,,,,,,,,,,,,,,,0.0,0.0,0.0
1.85,-64.0,-11.2,2.8,0.0,0.0,0.0,0.0,0.0,0.0,ZERO_INTENT,3.4576320838928183,0,,,,,,,,,,,,,,,,,,,,,,,,,,,,,0.0,0.0,0.0
1.8666666666666667,-64.0,-11.2,2.8,0.0,0.0,0.0,0.0,0.0,0.0,ZERO_INTENT,3.4576320838928183,0,,,,,,,,,,,,,,,,,,,,,,,,,,,,,0.0,0.0,0.0
1.8833333333333333,-64.0,-11.2,2.8,0.0,0.0,0.0,0.0,0.0,0.0,ZERO_INTENT,3.4576320838928183,0,,,,,,,,,,,,,,,,,,,,,,,,,,,,,0.0,0.0,0.0
1.9,-64.0,-11.2,2.8,0.0,0.0,0.0,0.0,0.0,0.0,ZERO_INTENT,3.4576320838928183,0,,,,,,,,,,,,,,,,,,,,,,,,,,,,,0.0,0.0,0.0
1.9166666666666667,-64.0,-11.2,2.8,0.0,0.0,0.0,0.0,0.0,0.0,ZERO_INTENT,3.4576320838928183,0,,,,,,,,,,,,,,,,,,,,,,,,,,,,,0.0,0.0,0.0
1.9333333333333333,-64.0,-11.2,2.8,0.0,0.0,0.0,0.0,0.0,0.0,ZERO_INTENT,3.4576320838928183,0,,,,,,,,,,,,,,,,,,,,,,,,,,,,,0.0,0.0,0.0
1.95,-64.0,-11.2,2.8,0.0,0.0,0.0,0.0,0.0,0.0,ZERO_INTENT,3.4576320838928183,0,,,,,,,,,,,,,,,,,,,,,,,,,,,,,0.0,0.0,0.0
1.9666666666666666,-64.0,-11.2,2.8,0.0,0.0,0.0,0.0,0.0,0.0,ZERO_INTENT,3.4576320838928183,0,,,,,,,,,,,,,,,,,,,,,,,,,,,,,0.0,0.0,0.0
1.9833333333333334,-64.0,-11.2,2.8,0.0,0.0,0.0,0.0,0.0,0.0,ZERO_INTENT,3.4576320838928183,0,,,,,,,,,,,,,,,,,,,,,,,,,,,,,0.0,0.0,0.0
2.0,-64.0,-11.2,2.8,0.0,0.0,0.0,1.9700609343114084,0.34476066350449647,0.0,ZERO_INTENT,3.4576320838928183,0,,,,,,,,,,,,,,,,,,,,,,,,,,,,,0.0,0.0,0.0
2.0166666666666666,-64.0,-11.2,2.8,0.0,0.0,0.0,1.9700609343114084,0.34476066350449647,0.0,DEPTH_PROPOSAL_CERTIFIED,3.4576320838928183,0,1,0,0,0,FULL_MOTION_CERTIFICATE,0,0,0,0,0,0,0,0,0,,2.083333333,1.97006093431,0.344760663504,0,0.902733599754,0.417158336961,0.105123592875,0.985030467156,0.172380331752,0,0.00288874751921,0.00133490667828,0.0003363954972,0.0,0.0,0.0
2.033333333333333,-63.999996352591516,-11.199998314511769,2.800000424741789,0.00021884450903126022,0.00010112929380879213,2.5484507363673e-05,1.9700609343114084,0.34476066350449647,0.0,DEPTH_PROPOSAL_CERTIFIED,3.457628142543969,0,1,0,0,0,FULL_MOTION_CERTIFICATE,0,0,0,0,0,0,0,0,0,,2.083333333,1.97006093431,0.344760663504,0,0.902733599754,0.417158336961,0.105123592875,0.985030467156,0.172380331752,0,0.00288874751921,0.00133490667828,0.0003363954972,0.0028887475192126456,0.001334906678276061,0.0003363954972004848
2.05,-63.99998376166355,-11.199992496172346,2.8000018909590456,0.0007554556780327564,0.00034910036534735233,8.797303539057657e-05,1.9700609370481466,0.34476064786599114,-6.537243994273795e-09,DEPTH_PROPOSAL_CERTIFIED,3.4576145371621183,0,1,0,0,0,FULL_MOTION_CERTIFICATE,0,0,0,0,0,0,0,0,0,,2.1,1.97006093431,0.344760663504,0,0.902733599754,0.417158336961,0.105123592875,0.985030467156,0.172380331752,0,0.00730211191307,0.00337434749608,0.000850333077319,0.0073021119398510356,0.0033743474381177987,0.0008503330773188033
2.066666666666667,-63.999962904755336,-11.19998285807677,2.8000043197521127,0.0012514144927512202,0.0005782857344893944,0.00014572758402150418,1.9700609464954228,0.3447605938815483,-2.910394562606233e-08,DEPTH_PROPOSAL_CERTIFIED,3.45759200060742,0,1,0,0,0,FULL_MOTION_CERTIFICATE,0,0,0,0,0,0,0,0,0,,2.1,1.97006093431,0.344760663504,0,0.902733599754,0.417158336961,0.105123592875,0.985030467156,0.172380331752,0,0.00730211191307,0.00337434749608,0.000850333077319,0.007302112032316328,0.003374347238022239,0.0008503330773188033
2.0833333333333335,-63.999913131527684,-11.199959857587098,2.800010115858994,0.002986393658884788,0.0013800293803976145,0.00034776641286067436,1.9700609621448626,0.34476050445614387,-6.64857614849791e-08,DEPTH_PROPOSAL_CERTIFIED,3.4575382230742115,0,2,0,0,0,FULL_MOTION_CERTIFICATE,0,0,0,1,0,0,0,0,0,,2.15,1.9700609465,0.344760593882,-2.91039456261e-08,0.902733614497,0.417158305058,0.105123592875,0.985030473248,0.172380296941,-1.4551972813e-08,0.0345847275693,0.015981799242,0.00402740167133,0.024153139485714396,0.011161301860477936,0.002812640124698561
2.1,-63.9998234614116,-11.199918420524048,2.8000205579699893,0.005380206965070709,0.002486223783062408,0.000626526659714741,1.970060999490911,0.3447602910499541,-1.556943187921513e-07,DEPTH_PROPOSAL_CERTIFIED,3.457441353232012,0,2,0,0,0,FULL_MOTION_CERTIFICATE,0,0,0,1,0,0,0,0,0,,2.166666666,1.97006096214,0.344760504456,-6.6485761485e-08,0.902733633432,0.417158264081,0.105123592875,0.985030481072,0.172380252228,-3.32428807425e-08,0.0470223901993,0.0217293133441,0.00547577111056,0.034584729300539074,0.01598179549557294,0.004027401671334368
2.1166666666666667,-63.999681212775975,-11.19985268664233,2.800037122864382,0.008534918137401839,0.0039440329030902,0.000993893663566869,1.970061066772551,0.3447599065826794,-3.164102511462611e-07,DEPTH_PROPOSAL_CERTIFIED,3.457287721064302,0,2,0,0,0,FULL_MOTION_CERTIFICATE,0,0,0,1,0,0,0,0,0,,2.183333333,1.97006099949,0.34476029105,-1.55694318792e-07,0.902733678621,0.417158166293,0.105123592875,0.985030499745,0.172380145525,-7.78471593961e-08,0.0614661288141,0.0284038452895,0.0071577486302,0.04702239443984177,0.02172930416742933,0.005475771110562848
2.1333333333333333,-63.99947213179254,-11.199756069183142,2.8000614704039344,0.012544859006346741,0.00579704755137905,0.0014608523731606498,1.9700611735051137,0.34475929668005784,-5.713632493102282e-07,DEPTH_PROPOSAL_CERTIFIED,3.4570619923873203,0,2,0,0,0,FULL_MOTION_CERTIFICATE,0,0,0,1,0,0,0,0,0,,2.2,1.97006106677,0.344759906583,-3.16410251146e-07,0.902733760031,0.41715799012,0.105123592875,0.985030533386,0.172379953291,-1.58205125573e-07,0.0779159436071,0.0360053927,0.00907333414336,0.06146613760747475,0.028403826260503105,0.0071577486302048
2.15,-63.999180511540175,-11.199621309918783,2.800095429662894,0.01749721514154494,0.008085555861517393,0.0020375555375695287,1.970061330383587,0.3447584002259492,-9.461012904010058e-07,DEPTH_PROPOSAL_CERTIFIED,3.4567473196360967,0,2,0,0,0,FULL_MOTION_CERTIFICATE,0,0,0,1,0,0,0,0,0,,2.2,1.97006106677,0.344759906583,-3.16410251146e-07,0.902733760031,0.41715799012,0.105123592875,0.985030533386,0.172379953291,-1.58205125573e-07,0.0779159436071,0.0360053927,0.00907333414336,0.07791595999096321,0.0360053572452053,0.00907333414335788
2.1666666666666665,-63.99881260496496,-11.199451298442389,2.800138272480699,0.022074394512847165,0.010200688583652282,0.0025705690683110686,1.9700615491932496,0.3447571498723944,-1.4687774466119133e-06,DEPTH_PROPOSAL_CERTIFIED,3.4563506080640587,0,2,0,0,0,FULL_MOTION_CERTIFICATE,0,0,0,1,0,0,0,0,0,,2.233333333,1.97006133038,0.344758400226,-9.46101290401e-07,0.902734079,0.417157299868,0.105123592875,0.985030665192,0.172379200113,-4.73050645201e-07,0.114025307203,0.0526916828036,0.0132782778163,0.07791598284273456,0.03600530779369804,0.00907333414335788
2.183333333333333,-63.99832859869924,-11.199227636836046,2.8001946351327818,0.02904037594319705,0.013419696380535287,0.003381759124977984,1.9700618252422684,0.3447555724257008,-2.1281864273813764e-06,DEPTH_PROPOSAL_CERTIFIED,3.455829179017103,0,2,0,0,0,FULL_MOTION_CERTIFICATE,0,0,0,1,0,0,0,0,0,,2.25,1.97006154919,0.344757149872,-1.46877744661e-06,0.90273434376,0.417156726922,0.105123592875,0.985030774597,0.172378574936,-7.34388723306e-07,0.132079995194,0.0610348158744,0.0153807497159,0.11402534939346595,0.0526915915025081,0.013278277816314391
2.2,-63.99771449182298,-11.198943855305005,2.8002661480255098,0.03684641257538477,0.01702689186246838,0.004290773563681696,1.970062188403606,0.34475349717358883,-2.9956900205377594e-06,DEPTH_PROPOSAL_CERTIFIED,3.4551683622254687,0,2,0,0,0,FULL_MOTION_CERTIFICATE,0,0,0,1,0,0,0,0,0,,2.266666666,1.97006182524,0.344755572426,-2.12818642738e-06,0.902734677781,0.417156004095,0.105123592875,0.985030912621,0.172377786213,-1.06409321369e-06,0.15013468931,0.0693779328469,0.0174832214893,0.13208005948807258,0.061034676742051,0.015380749715866705
2.216666666666667,-63.99695734407619,-11.198593974228105,2.800354318049457,0.04542886480739197,0.020992864614051636,0.005290201436832359,1.970062649182479,0.3447508640733646,-4.096387863584178e-06,DEPTH_PROPOSAL_CERTIFIED,3.4543548131246693,0,2,0,0,0,FULL_MOTION_CERTIFICATE,0,0,0,1,0,0,0,0,0,,2.283333333,1.9700621884,0.344753497174,-2.99569002054e-06,0.90273511721,0.417155053159,0.105123592875,0.985031094202,0.172376748587,-1.49784501027e-06,0.168189394096,0.0777210295764,0.0195856933888,0.15013478203788028,0.06937773218336757,0.01748322148927049
2.2333333333333334,-63.9960451954994,-11.198172467030238,2.80046053793698,0.05472891460766685,0.02529043187197183,0.006373193251377032,1.9700632172882777,0.34474761762486433,-5.453480855646495e-06,DEPTH_PROPOSAL_CERTIFIED,3.45337645943759,0,2,0,0,0,FULL_MOTION_CERTIFICATE,0,0,0,1,0,0,0,0,0,,2.3,1.97006264918,0.344750864073,-4.09638786358e-06,0.902735674761,0.417153846602,0.105123592875,0.985031324591,0.172375432037,-2.04819393179e-06,0.186244111177,0.0860640996959,0.0216881652884,0.1681895221710208,0.0777207524185984,0.0195856933888221
2.25,-63.99496699216575,-11.19767422587015,2.8005860949104084,0.06469220001895948,0.02989446960528449,0.007533418405694884,1.970063901694864,0.34474370652495456,-7.088415611747478e-06,DEPTH_PROPOSAL_CERTIFIED,3.4522224537166317,0,2,0,0,0,FULL_MOTION_CERTIFICATE,0,0,0,1,0,0,0,0,0,,2.3,1.97006264918,0.344750864073,-4.09638786358e-06,0.902735674761,0.417153846602,0.105123592875,0.985031324591,0.172375432037,-2.04819393179e-06,0.186244111177,0.0860640996959,0.0216881652884,0.1862442820367299,0.08606372995169914,0.021688165288372738
2.2666666666666666,-63.99373531372606,-11.197105064478643,2.800729524038992,0.0739007063813934,0.03414968349045926,0.008605747714988657,1.9700647106962965,0.3447390833481721,-9.021017991944952e-06,DEPTH_PROPOSAL_CERTIFIED,3.4509074371574933,0,2,0,0,0,FULL_MOTION_CERTIFICATE,0,0,0,1,0,0,0,0,0,,2.333333333,1.97006390169,0.344743706525,-7.08841561175e-06,0.90273719034,0.41715056682,0.105123592875,0.985031950847,0.172371853262,-3.54420780587e-06,0.222353611853,0.102750093153,0.0258931089613,0.18624448400308763,0.08606329288959166,0.021688165288372738
2.283333333333333,-63.99231619440137,-11.1964492871609,2.800894780643896,0.08514715948157718,0.03934663906455111,0.00991539629425585,1.9700656348528194,0.3447338020065235,-1.1228754559700373e-05,DEPTH_PROPOSAL_CERTIFIED,3.4493965977864685,0,2,0,0,0,FULL_MOTION_CERTIFICATE,0,0,0,1,0,0,0,0,0,,2.35,1.9700647107,0.344739083348,-9.02101799194e-06,0.90273816927,0.417148448354,0.105123592875,0.985032355348,0.172369541674,-4.51050899597e-06,0.240408385061,0.111093041812,0.0279955808609,0.2223538873038198,0.10274949706847195,0.02589310896131567
2.3,-63.990701037742426,-11.195702921888403,2.8010828657646676,0.09690939953650882,0.04478191634992694,0.011285107246271001,1.9700666996506928,0.34472771681102826,-1.3772526370683337e-05,DEPTH_PROPOSAL_CERTIFIED,3.4476826513702963,0,2,0,0,0,FULL_MOTION_CERTIFICATE,0,0,0,1,0,0,0,0,0,,2.366666666,1.97006563485,0.344733802007,-1.12287545597e-05,0.902739287556,0.417146028297,0.105123592875,0.985032817426,0.172366901003,-5.61437727985e-06,0.258463182987,0.119435934134,0.0300980526342,0.24040872820667528,0.1110922992315123,0.0279955808608559
2.316666666666667,-63.988881898503514,-11.194862297639729,2.801294704604363,0.1091483543347605,0.05043745492047216,0.012710330381723171,1.9700679115401019,0.34472079084703694,-1.66677663156811e-05,DEPTH_PROPOSAL_CERTIFIED,3.445759381783043,0,2,0,0,0,FULL_MOTION_CERTIFICATE,0,0,0,1,0,0,0,0,0,,2.383333333,1.97006669965,0.344727716811,-1.37725263707e-05,0.902740576044,0.41714323989,0.105123592875,0.985033349825,0.172363858406,-6.88626318534e-06,0.276518012071,0.127778761871,0.0322005245338,0.25846360287342734,0.1194350254811222,0.030098052634239203
2.3333333333333335,-63.98685143330034,-11.193924021608195,2.801531152275058,0.12182791219067825,0.056296561891989186,0.014186860241725751,1.970069276482624,0.34471298998163175,-1.9928744788932553e-05,DEPTH_PROPOSAL_CERTIFIED,3.4436216125778554,0,2,0,0,0,FULL_MOTION_CERTIFICATE,0,0,0,1,0,0,0,0,0,,2.4,1.97006791154,0.344720790847,-1.66677663157e-05,0.902742042545,0.417140066216,0.105123592875,0.98503395577,0.172360395424,-8.33388315784e-06,0.294572875789,0.136121514655,0.0343029964333,0.2765185180328754,0.1277776669444971,0.032200524533757297
2.35,-63.984602855009754,-11.192884958138773,2.8017929991076116,0.13491469743508805,0.06234380816527764,0.015710809953205222,1.9700707999882419,0.34470428265138797,-2.3568658449262052e-05,DEPTH_PROPOSAL_CERTIFIED,3.441265180589542,0,2,0,0,0,FULL_MOTION_CERTIFICATE,0,0,0,1,0,0,0,0,0,,2.4,1.97006791154,0.344720790847,-1.66677663157e-05,0.902742042545,0.417140066216,0.105123592875,0.98503395577,0.172360395424,-8.33388315784e-06,0.294572875789,0.136121514655,0.0343029964333,0.2945734774168882,0.13612021269939711,0.034302996433254844
2.3666666666666667,-63.98215268650926,-11.191752744463956,2.802078320923094,0.14701011002982114,0.06793282048904523,0.017119308928966553,1.970072487149551,0.3446946396662384,-2.7599712251256775e-05,DEPTH_PROPOSAL_CERTIFIED,3.4387106153485236,0,2,0,0,0,FULL_MOTION_CERTIFICATE,0,0,0,1,0,0,0,0,0,,2.433333333,1.97007079999,0.344704282651,-2.35686584493e-05,0.902745537936,0.41713250168,0.105123592875,0.985035399994,0.172352141326,-1.17843292246e-05,0.330682769217,0.152806658148,0.038507940106,0.2945741436855654,0.13611877083901003,0.034302996433254844
2.3833333333333333,-63.97947060705648,-11.19051336907969,2.8023906485860226,0.1609247671670826,0.07436252305598358,0.018739659775708118,1.9700743255656492,0.3446841318127996,-3.1992325530758716e-05,DEPTH_PROPOSAL_CERTIFIED,3.435929938926094,0,2,0,0,0,FULL_MOTION_CERTIFICATE,0,0,0,1,0,0,0,0,0,,2.45,1.97007248715,0.344694639666,-2.75997122513e-05,0.902747579678,0.417128082976,0.105123592875,0.985036243575,0.172347319833,-1.37998561256e-05,0.348737766462,0.161149121955,0.0406104120053,0.3306835842416729,0.15280489437263173,0.038507940105955284
2.4,-63.9765513887903,-11.189164417227383,2.8027305908350995,0.1751530959705623,0.0809371111384115,0.020396534944618017,1.9700763379901194,0.344672628935247,-3.680090399993679e-05,DEPTH_PROPOSAL_CERTIFIED,3.432922018061984,0,2,0,0,0,FULL_MOTION_CERTIFICATE,0,0,0,1,0,0,0,0,0,,2.466666666,1.97007432557,0.344684131813,-3.19923255308e-05,0.902749804514,0.417123267957,0.105123592875,0.985037162783,0.172342065906,-1.59961627654e-05,0.366792817773,0.169491465906,0.0427128837785,0.34873870737301554,0.16114708574403247,0.040610412005318855
2.4166666666666665,-63.97339019981836,-11.18770365726436,2.8030987102923,0.18967133831631106,0.08764559778138434,0.02208716743202958,1.970078528345501,0.34466010849109596,-4.203487526073465e-05,DEPTH_PROPOSAL_CERTIFIED,3.4296866329079205,0,2,0,0,0,FULL_MOTION_CERTIFICATE,0,0,0,1,0,0,0,0,0,,2.483333333,1.97007633799,0.344672628935,-3.68009039999e-05,0.902752239995,0.41711799698,0.105123592875,0.985038168995,0.172336314468,-1.8400452e-05,0.384847931295,0.177833678062,0.0448153556776,0.36679389493444636,0.16948913482565334,0.04271288377845072
2.433333333333333,-63.969982574208935,-11.186129026806887,2.803495526956881,0.2044575365654815,0.09447782744838294,0.023808999874877137,1.9700809002571682,0.344646549621975,-4.7702963504826045e-05,DEPTH_PROPOSAL_CERTIFIED,3.4262244577642793,0,2,0,0,0,FULL_MOTION_CERTIFICATE,0,0,0,1,0,0,0,0,0,,2.5,1.97007852835,0.344660108491,-4.20348752607e-05,0.902754890885,0.417112259714,0.105123592875,0.985039264173,0.172330054246,-2.10174376304e-05,0.402903112195,0.186175744387,0.0469178275766,0.38484915520536134,0.17783102938576628,0.044815355677617394
2.45,-63.966324384259984,-11.184438619925567,2.803921521434217,0.21949139693717643,0.10142441287917164,0.025559668640161636,1.9700834570758279,0.34463193302462536,-5.3813243488729655e-05,DEPTH_PROPOSAL_CERTIFIED,3.4225370425645814,0,2,0,0,0,FULL_MOTION_CERTIFICATE,0,0,0,1,0,0,0,0,0,,2.5,1.97007852835,0.344660108491,-4.20348752607e-05,0.902754890885,0.417112259714,0.105123592875,0.985039264173,0.172330054246,-2.10174376304e-05,0.402903112195,0.186175744387,0.0469178275766,0.4029044934718501,0.18617275513479167,0.046917827576631994
2.466666666666667,-63.9624346102461,-11.182641211613658,2.8043744832839477,0.2333864408333122,0.1078444987145099,0.027177710983833626,1.9700862018983076,0.3446162408317107,-6.037319040907019e-05,DEPTH_PROPOSAL_CERTIFIED,3.4186494788182653,0,2,0,0,0,FULL_MOTION_CERTIFICATE,0,0,0,1,0,0,0,0,0,,2.533333333,1.97008345708,0.344631933025,-5.38132434887e-05,0.902760856189,0.417099348782,0.105123592875,0.985041728538,0.172315966512,-2.69066217444e-05,0.43901378006,0.202859211744,0.0511227712476,0.40290597636616915,0.18616954590563708,0.046917827576631994
2.4833333333333334,-63.95828520358397,-11.180723839924708,2.8048576787956274,0.24896439972795364,0.11504230133701099,0.02899173070078535,1.9700891204753221,0.34459955433648687,-6.734884305426269e-05,DEPTH_PROPOSAL_CERTIFIED,3.4145401995844784,0,2,0,0,0,FULL_MOTION_CERTIFICATE,0,0,0,1,0,0,0,0,0,,2.55,1.9700862019,0.344616240832,-6.03731904091e-05,0.902764178448,0.41709215808,0.105123592875,0.985043100949,0.172308120416,-3.01865952045e-05,0.457069202324,0.211200755654,0.0532252431458,0.43901549824258024,0.20285549333152453,0.051122771247596475
2.5,-63.95387303592317,-11.17868506126059,2.805371472176556,0.26473005964764407,0.12232671984707418,0.03082760285571206,1.9700922338591094,0.3445817529910608,-7.479058706219635e-05,DEPTH_PROPOSAL_CERTIFIED,3.41021341646441,0,2,0,0,0,FULL_MOTION_CERTIFICATE,0,0,0,1,0,0,0,0,0,,2.566666666,1.97008912048,0.344599554336,-6.73488430543e-05,0.902767711147,0.417084511737,0.105123592875,0.985044560238,0.172299777168,-3.36744215271e-05,0.475124718104,0.219542094297,0.0553277149175,0.45707111066786793,0.21119662566984548,0.05322524314581798
2.5166666666666666,-63.949195215777635,-11.176523541675795,2.805916200042411,0.280669208732329,0.1296911750876015,0.032683671951299495,1.970095544396259,0.3445628231687744,-8.270412728273628e-05,DEPTH_PROPOSAL_CERTIFIED,3.4056741389253173,0,2,0,0,0,FULL_MOTION_CERTIFICATE,0,0,0,1,0,0,0,0,0,,2.583333333,1.97009223386,0.344581752991,-7.47905870622e-05,0.902771479793,0.417076354512,0.105123592875,0.98504611693,0.172290876496,-3.73952935311e-05,0.493180337254,0.227883212029,0.0574301868147,0.4751268275654856,0.21953752902203538,0.055327714917466284
2.533333333333333,-63.94424907056882,-11.17423804859033,2.806492173507841,0.2967687125288165,0.1371295851278395,0.034558407925801476,1.9700990542554566,0.34454275224346526,-9.109475123062724e-05,DEPTH_PROPOSAL_CERTIFIED,3.4009281589707285,0,2,0,0,0,FULL_MOTION_CERTIFICATE,0,0,0,1,0,0,0,0,0,,2.6,1.9700955444,0.344562823169,-8.27041272827e-05,0.902775487255,0.417067680158,0.105123592875,0.985047772198,0.172281411584,-4.13520636414e-05,0.511236066669,0.236224091074,0.0595326587113,0.49318265884596446,0.2278781876187434,0.057430186814725726
2.55,-63.939032130033084,-11.17182744313309,2.807099680118202,0.31301643214423724,0.14463632743450622,0.036450396621673486,1.9701027654409344,0.3445215285123844,-9.99673613658527e-05,DEPTH_PROPOSAL_CERTIFIED,3.3959820361153548,0,2,0,0,0,FULL_MOTION_CERTIFICATE,0,0,0,1,0,0,0,0,0,,2.6,1.9700955444,0.344562823169,-8.27041272827e-05,0.902775487255,0.417067680158,0.105123592875,0.985047772198,0.172281411584,-4.13520636414e-05,0.511236066669,0.236224091074,0.0595326587113,0.511238611452371,0.2362185835758408,0.0595326587113121
2.566666666666667,-63.93356490557873,-11.169301210849255,2.8077363309988788,0.3280334672614468,0.15157393703007038,0.03819905284058554,1.9701066798048932,0.3444991411249902,-0.00010932650491784601,DEPTH_PROPOSAL_CERTIFIED,3.3908642836481206,0,2,0,0,0,FULL_MOTION_CERTIFICATE,0,0,0,1,0,0,0,0,0,,2.633333333,1.97010276544,0.344521528512,-9.99673613659e-05,0.902784229058,0.417048757323,0.105123592875,0.98505138272,0.172260764256,-4.99836806829e-05,0.547348012176,0.252904792751,0.0637376023746,0.5112412956913988,0.23621277409595098,0.0595326587113121
2.5833333333333335,-63.92782076501722,-11.166647043796438,2.8084052275229063,0.3446484336900734,0.15925002316908674,0.040133791441649976,1.9701107819424557,0.3444756779234471,-0.0001191354991539239,DEPTH_PROPOSAL_CERTIFIED,3.385559579069905,0,2,0,0,0,FULL_MOTION_CERTIFICATE,0,0,0,1,0,0,0,0,0,,2.65,1.9701066798,0.344499141125,-0.000109326504918,0.902788968138,0.417038498499,0.105123592875,0.985053339902,0.172249570562,-5.46632524589e-05,0.565404121476,0.261244849398,0.0658400742681,0.5473510241193195,0.25289827406508647,0.06373760237463616
2.6,-63.92179788839903,-11.163864104330905,2.809106581474745,0.361372597091635,0.16697636793195883,0.04208123711032166,1.970115091847368,0.3444510242689644,-0.00012944225497052504,DEPTH_PROPOSAL_CERTIFIED,3.380076844040565,0,2,0,0,0,FULL_MOTION_CERTIFICATE,0,0,0,1,0,0,0,0,0,,2.666666666,1.97011078194,0.344475677923,-0.000119135499154,0.902793934814,0.41702774666,0.105123592875,0.985055390971,0.172237838962,-5.9567749577e-05,0.583460374303,0.269584592459,0.0679425460339,0.5654073905906873,0.26123777403899884,0.06584007426811633
2.6166666666666667,-63.91549459345422,-11.160951618693309,2.8098405885944167,0.37819769668854086,0.1747491382557959,0.04404042718029166,1.9701196108830585,0.344425172053196,-0.00014025017665208347,DEPTH_PROPOSAL_CERTIFIED,3.374425699999481,0,2,0,0,0,FULL_MOTION_CERTIFICATE,0,0,0,1,0,0,0,0,0,,2.683333333,1.97011509185,0.344451024269,-0.000129442254971,0.902799153333,0.41701644927,0.105123592875,0.985057545924,0.172225512134,-6.47211274853e-05,0.601516782399,0.277924002188,0.070045017924,0.5834639117707929,0.26957693620660855,0.06794254603392566
2.6333333333333333,-63.90890932514737,-11.157908872193946,2.81060742979331,0.3951160984108366,0.18256478996172065,0.04601047193360597,1.9701243403093143,0.3443981137428288,-0.00015156242935578595,DEPTH_PROPOSAL_CERTIFIED,3.3686164548653235,0,2,0,0,0,FULL_MOTION_CERTIFICATE,0,0,0,1,0,0,0,0,0,,2.7,1.97011961088,0.344425172053,-0.000140250176652,0.90280462539,0.417004602608,0.105123592875,0.985059805442,0.172212586027,-7.0125088326e-05,0.619573354594,0.286263056604,0.0721474898119,0.6015205994228457,0.27791574077400283,0.07004501792404068
2.65,-63.90204064602741,-11.154735204765597,2.8114072722774033,0.412120747197455,0.1904200457009184,0.04799054904560082,1.9701292812900881,0.3443698423348588,-0.00016338195787367598,DEPTH_PROPOSAL_CERTIFIED,3.3626600898436876,0,2,0,0,0,FULL_MOTION_CERTIFICATE,0,0,0,1,0,0,0,0,0,,2.7,1.97011961088,0.344425172053,-0.000140250176652,0.90280462539,0.417004602608,0.105123592875,0.985059805442,0.172212586027,-7.0125088326e-05,0.619573354594,0.286263056604,0.0721474898119,0.6195774623942,0.2862541657191311,0.07214748981193818
2.6666666666666665,-63.89491002120031,-11.151440546370644,2.812237615949333,0.42783748962598617,0.19767950369722834,0.049820620315777886,1.970134434900707,0.3443403513152918,-0.00017571150396417692,DEPTH_PROPOSAL_CERTIFIED,3.3565874825283424,0,2,0,0,0,FULL_MOTION_CERTIFICATE,0,0,0,1,0,0,0,0,0,,2.733333333,1.97012928129,0.344369842335,-0.000163381957874,0.930961373929,0.364796530445,-0.0153105070725,0.985064640645,0.172184921167,-8.16909789368e-05,0.657132729498,0.299666047684,0.0690405371388,0.6195817472540669,0.28624489125221014,0.07214748981193818
2.683333333333333,-63.88748987630125,-11.148017129981683,2.813092227193009,0.44520869394361484,0.20540498333759546,0.05127667462054874,1.970139785011912,0.34430973261902076,-0.0001885126941445991,DEPTH_PROPOSAL_CERTIFIED,3.3503914587912496,0,2,0,0,0,FULL_MOTION_CERTIFICATE,0,0,0,1,0,0,0,0,0,,2.75,1.9701344349,0.344340351315,-0.000175711503964,0.930972068973,0.364769235496,-0.0153105070725,0.98506721745,0.172170175658,-8.78557519821e-05,0.675912724664,0.306366683133,0.0674870629284,0.6571373866186858,0.2996558349500747,0.0690405371387532
2.7,-63.8797784321923,-11.14446625047014,2.81396730609869,0.4626866465367631,0.2130527706926206,0.05250473434083675,1.9701453393429782,0.34427794176566606,-0.00020168970718617742,DEPTH_PROPOSAL_CERTIFIED,3.344085597950134,0,2,0,0,0,FULL_MOTION_CERTIFICATE,0,0,0,1,0,0,0,0,0,,2.766666666,1.97013978501,0.344309732619,-0.000188512694145,0.93097773785,0.364754766934,-0.0153105070725,0.985069892506,0.17215486631,-9.42563470723e-05,0.69469288408,0.313066854931,0.0659335899816,0.6759176681731666,0.3063557764239251,0.06748706292835015
2.716666666666667,-63.87177404430601,-11.140789105214257,2.8148593406301794,0.4802632731776107,0.22062871535301662,0.053522071889381455,1.9701510937183706,0.34424500231097466,-0.00021518416534655274,DEPTH_PROPOSAL_CERTIFIED,3.3376838536402853,0,2,0,0,0,FULL_MOTION_CERTIFICATE,0,0,0,1,0,0,0,0,0,,2.783333333,1.97014533934,0.344277941766,-0.000201689707186,0.93097773785,0.364754766934,-0.0153105070725,0.985072669671,0.172138970883,-0.000100844853593,0.713473044622,0.319767027132,0.0643801169417,0.6946981181959523,0.31305524020984854,0.06593358998162688
2.7333333333333334,-63.86347519265652,-11.136986800899,2.815765084814513,0.4979310989692671,0.2281382589154092,0.05434465106001128,1.9701570442811631,0.34421093598957275,-0.00022894211670026625,DEPTH_PROPOSAL_CERTIFIED,3.331200552850709,0,2,0,0,0,FULL_MOTION_CERTIFICATE,0,0,0,1,0,0,0,0,0,,2.8,1.97015109372,0.344245002311,-0.000215184165347,0.930989721498,0.364724179125,-0.0153105070725,0.985075546859,0.172122501155,-0.000107592082673,0.732253566173,0.326466187954,0.0628266464584,0.7134785736274764,0.31975469037659915,0.06438011694169522
2.75,-63.85488047194716,-11.133060361664281,2.816681538588996,0.5156832425617798,0.2355863540831757,0.05498722646897946,1.9701631874706695,0.34417576284268625,-0.0002429136991788148,DEPTH_PROPOSAL_CERTIFIED,3.324650396143565,0,2,0,0,0,FULL_MOTION_CERTIFICATE,0,0,0,1,0,0,0,0,0,,2.8,1.97015109372,0.344245002311,-0.000215184165347,0.930989721498,0.364724179125,-0.0153105070725,0.985075546859,0.172122501155,-0.000107592082673,0.732253566173,0.326466187954,0.0628266464584,0.7322593943904346,0.32645311512992725,0.06282664645839127
2.7666666666666666,-63.846012288914416,-11.129019208687566,2.8176078906210416,0.5320909819646185,0.2424691786028932,0.05558112192272278,1.9701695199965836,0.3441395013657608,-0.00025705283015690797,DEPTH_PROPOSAL_CERTIFIED,3.3180645273165488,0,3,0,0,0,FULL_MOTION_CERTIFICATE,0,0,0,1,0,0,0,0,0,,2.833333333,1.97016318747,0.344175762843,-0.000242913699179,0.931002538737,0.36469146033,-0.0153105070725,0.985081593735,0.172087881421,-0.000121456849589,0.769815393171,0.339862309541,0.0597197111493,0.7322654026792518,0.32643963774344714,0.06282664645839127
2.783333333333333,-63.836843940679806,-11.12485510297207,2.8185394681445346,0.5501008940763943,0.24984634292978442,0.05589465140958657,1.9701760274975306,0.3441022334202496,-0.00027134709464366353,DEPTH_PROPOSAL_CERTIFIED,3.3114403407311097,0,3,0,0,0,FULL_MOTION_CERTIFICATE,0,0,0,1,0,0,0,0,0,,2.85,1.97016952,0.344139501366,-0.000257052830157,0.931009250774,0.364674325043,-0.0153105070725,0.985084759998,0.172069750683,-0.000128526415078,0.788596519837,0.346559774729,0.0581662449562,0.7698218218400608,0.33984774771785764,0.05971971114932481
2.8,-63.827374453092155,-11.120568903708197,2.8194739138416978,0.5681692552591693,0.25717195583245,0.05606674182978736,1.9701827193440409,0.34406390505185763,-0.00028572466777372087,DEPTH_PROPOSAL_CERTIFIED,3.3047938038625975,0,3,0,0,0,FULL_MOTION_CERTIFICATE,0,0,0,1,0,0,0,0,0,,2.866666666,1.9701760275,0.34410223342,-0.000271347094644,0.931016148756,0.364656714086,-0.0153105070725,0.985088013749,0.17205111671,-0.000135673547322,0.807377867683,0.353256616454,0.0566127804341,0.7886032616890253,0.3465444332449702,0.058166244956237026
2.816666666666667,-63.81760292551462,-11.1161614058012,2.820409048981543,0.5862916546521191,0.26444987441978557,0.05610810839071858,1.970189592880368,0.34402453112570586,-0.0003001493424058522,DEPTH_PROPOSAL_CERTIFIED,3.29814124846707,0,3,0,0,0,FULL_MOTION_CERTIFICATE,0,0,0,1,0,0,0,0,0,,2.883333333,1.97018271934,0.344063905052,-0.000285724667774,0.93102324264,0.364638601956,-0.0153105070725,0.985091359672,0.172031952526,-0.000142862333887,0.826159449335,0.359952806374,0.055059317471,0.8073849272461016,0.35324048118527696,0.05661278043407943
2.8333333333333335,-63.80752852523943,-11.111633344777141,2.821342859890429,0.6044640165116872,0.27168366144360057,0.05602865453316467,1.970196645654336,0.3439841253415781,-0.0003145876540014881,DEPTH_PROPOSAL_CERTIFIED,3.2914993724360104,0,3,0,0,0,FULL_MOTION_CERTIFICATE,0,0,0,1,0,0,0,0,0,,2.9,1.97018959288,0.344024531126,-0.000300149342406,0.931030529645,0.364619995671,-0.0153105070725,0.98509479644,0.172012265563,-0.000150074671203,0.844941274324,0.366648314144,0.053505856237,0.8261668311984196,0.3599358631341437,0.05505931747100693
2.85,-63.797150482329606,-11.106985401319708,2.822273485447931,0.622682574589117,0.2788766074459788,0.05583753345011821,1.9702038754018947,0.3439427003217979,-0.00032900867228630767,DEPTH_PROPOSAL_CERTIFIED,3.284885241894295,0,3,0,0,0,FULL_MOTION_CERTIFICATE,0,0,0,1,0,0,0,0,0,,2.9,1.97018959288,0.344024531126,-0.000300149342406,0.931030529645,0.364619995671,-0.0153105070725,0.98509479644,0.172012265563,-0.000150074671203,0.844941274324,0.366648314144,0.053505856237,0.8449489831337609,0.36663054867499345,0.053505856236951393
2.8666666666666667,-63.78649179004549,-11.10222668040831,2.823201166968548,0.6395215370469572,0.2855232546839104,0.05566089123699951,1.9702112800328313,0.3439002676924681,-0.0003433838087119891,DEPTH_PROPOSAL_CERTIFIED,3.278329807627884,0,3,0,0,0,FULL_MOTION_CERTIFICATE,0,0,0,1,0,0,0,0,0,,2.933333333,1.9702038754,0.343942700322,-0.000329008672286,0.931045672945,0.364581325995,-0.0153105070725,0.985101937701,0.171971350161,-0.000164504336143,0.882505953128,0.380036441465,0.0503989411877,0.8449568790326083,0.3666123509866755,0.053505856236951393
2.8833333333333333,-63.77552628869518,-11.097348649190296,2.8241222046128396,0.6579300810185357,0.2926818730807267,0.05526225865750378,1.9702188462849732,0.3438569030602571,-0.0003577168116669341,DEPTH_PROPOSAL_CERTIFIED,3.271835445914654,0,3,0,0,0,FULL_MOTION_CERTIFICATE,0,0,0,1,0,0,0,0,0,,2.95,1.97021128003,0.343900267692,-0.000343383808712,0.93105352469,0.364561274049,-0.0153105070725,0.985105640016,0.171950133846,-0.000171691904356,0.901288570323,0.38672972788,0.0488454855903,0.882514317471794,0.3800170175218857,0.05039894118765595
2.9,-63.764253505532224,-11.09235189630086,2.8250351402709355,0.6763669897775098,0.29980517336618573,0.05477613948574581,1.970226584563461,0.343812546501729,-0.00037195079673642544,DEPTH_PROPOSAL_CERTIFIED,3.2654204888919924,0,3,0,0,0,FULL_MOTION_CERTIFICATE,0,0,0,1,0,0,0,0,0,,2.966666666,1.97021884628,0.34385690306,-0.000357716811667,0.931061548415,0.364540781583,-0.0153105070725,0.985109423142,0.17192845153,-0.000178858405833,0.920071475212,0.39342220383,0.0472920321442,0.9012972766369939,0.38670943684878656,0.04884548559029854
2.9166666666666665,-63.752673003254934,-11.087236966823241,2.8259386262985493,0.6948301366374702,0.3068957686571125,0.05420916165683954,1.9702344931596243,0.343767207451672,-0.00038606335926935355,DEPTH_PROPOSAL_CERTIFIED,3.2591036362266657,0,3,0,0,0,FULL_MOTION_CERTIFICATE,0,0,0,1,0,0,0,0,0,,2.983333333,1.97022658456,0.343812546502,-0.000371950796736,0.931069755176,0.364519820271,-0.0153105070725,0.985113292282,0.171906273251,-0.000185975398368,0.938854682506,0.40011383506,0.0457385807534,0.9200805283289889,0.393401031206419,0.047292032144182955
2.933333333333333,-63.740784377302546,-11.08200436563149,2.826831417148255,0.713317557143335,0.3139560715049538,0.053567450982339816,1.9702425704963635,0.34372089458869176,-0.00040003378835209676,DEPTH_PROPOSAL_CERTIFIED,3.252903959018049,0,3,0,0,0,FULL_MOTION_CERTIFICATE,0,0,0,1,0,0,0,0,0,,3,1.97023449316,0.343767207452,-0.000386063359269,0.931078143194,0.364498394565,-0.0153105070725,0.98511724658,0.171883603726,-0.000193031679635,0.957638203974,0.406804584868,0.0441851316052,0.9388640873148862,0.4000917662486182,0.04573858075344318
2.95,-63.72858725335991,-11.076654560483082,2.8277123616351107,0.7318274365580278,0.32098830890455304,0.052856669211346005,1.9702508151181202,0.34367361589218076,-0.0004138429379843161,DEPTH_PROPOSAL_CERTIFIED,3.2468409038345234,0,3,0,0,0,FULL_MOTION_CERTIFICATE,0,0,0,1,0,0,0,0,0,,3,1.97023449316,0.343767207452,-0.000386063359269,0.931078143194,0.364498394565,-0.0153105070725,0.98511724658,0.171883603726,-0.000193031679635,0.957638203974,0.406804584868,0.0441851316052,0.9576479654172753,0.40678160517966166,0.04418513160522172
2.966666666666667,-63.71610498991274,-11.071196460068803,2.8285823572108475,0.7489358068299738,0.32748602485667216,0.05219973454421538,1.9702592256815996,0.34362537869500565,-0.0004274731080262994,DEPTH_PROPOSAL_CERTIFIED,3.240944850922975,0,4,0,0,0,FULL_MOTION_CERTIFICATE,0,0,0,1,0,0,0,0,0,,3.033333333,1.97025081512,0.343673615892,-0.000413842937984,0.931095456571,0.364454166015,-0.0153105070725,0.985125407559,0.171836807946,-0.000206921468992,0.995206569512,0.420182369481,0.0410782428639,0.9576579241477161,0.40675815947252547,0.04418513160522172
2.9833333333333334,-63.703311765305806,-11.065621350144964,2.829438310499109,0.7675934764164465,0.3345065954303854,0.05135719729570822,1.9702677896059297,0.3435762547309512,-0.00044093810853370306,DEPTH_PROPOSAL_CERTIFIED,3.2352236319363263,0,4,0,0,0,FULL_MOTION_CERTIFICATE,0,0,0,1,0,0,0,0,0,,3.05,1.97025922568,0.343625378695,-0.000427473108026,0.93110437903,0.364431370391,-0.0153105070725,0.985129612841,0.171812689348,-0.000213736554013,1.01399110867,0.426870263236,0.0395248009939,0.9952170453714132,0.420157556429687,0.04107824286392091
3.0,-63.69020741887978,-11.05992965196687,2.8302793238930506,0.7862607855616252,0.34150189068564707,0.05046080363648272,1.9702765179419015,0.34352618030924736,-0.00045419035029313574,DEPTH_PROPOSAL_CERTIFIED,3.229697989159751,0,4,0,0,0,FULL_MOTION_CERTIFICATE,0,0,0,1,0,0,0,0,0,,3.066666666,1.97026778961,0.343576254731,-0.000440938108534,0.931113464901,0.364408155581,-0.0153105070725,0.985133894803,0.171788127365,-0.000220469054267,1.03277601704,0.433557116941,0.0379713618712,1.014001957132806,0.4268444927998398,0.03952480099393154
3.0166666666666666,-63.676791801673915,-11.054121756208628,2.8311045677898137,0.804937032351994,0.34847374549445237,0.04951463380577906,1.9702854095695066,0.3434751614698154,-0.000467216016670722,DEPTH_PROPOSAL_CERTIFIED,3.22438904617677,0,4,0,0,0,FULL_MOTION_CERTIFICATE,0,0,0,1,0,0,0,0,0,,3.083333333,1.97027651794,0.343526180309,-0.000454190350293,0.931122725931,0.364384491476,-0.0153105070725,0.985138258971,0.171763090155,-0.000227095175147,1.05156131252,0.440242887266,0.0364179254247,1.032787243194494,0.43353037416187723,0.03797136187119437
3.033333333333333,-63.66306477551709,-11.048198025334733,2.831913275438621,0.8236215694093545,0.35542385243372915,0.04852245892842376,1.970294463455254,0.3434232037520707,-0.0004800023311960708,DEPTH_PROPOSAL_CERTIFIED,3.2193183133274514,0,4,0,0,0,FULL_MOTION_CERTIFICATE,0,0,0,1,0,0,0,0,0,,3.1,1.97028540957,0.34347516147,-0.000467216016671,0.987585051231,0.156306574111,-0.0156211866992,0.985142704785,0.171737580735,-0.000233608008335,1.07057534796,0.444718378862,0.0348893480053,1.0515729215091536,0.44021515709290626,0.036417925424689045
3.05,-63.64902592396096,-11.042161585133076,2.8327047695635352,0.842331093367877,0.3621864120993893,0.04748964749485109,1.970303678645518,0.3433703122326864,-0.0004925374782824544,DEPTH_PROPOSAL_CERTIFIED,3.214508011936737,0,4,0,0,0,FULL_MOTION_CERTIFICATE,0,0,0,1,0,0,0,0,0,,3.1,1.97028540957,0.34347516147,-0.000467216016671,0.987585051231,0.156306574111,-0.0156211866992,0.985142704785,0.171737580735,-0.000233608008335,1.07057534796,0.444718378862,0.0348893480053,1.0705872856618537,0.4446896400204432,0.03488934800526446
3.066666666666667,-63.63469885481739,-11.03602101108402,2.8334803542193967,0.859624148614618,0.3684344429432871,0.046535079351700565,1.9703130468482088,0.3433165340987341,-0.0005048110136271887,DEPTH_PROPOSAL_CERTIFIED,3.2099873686544944,0,4,0,0,0,FULL_MOTION_CERTIFICATE,0,0,0,1,0,0,0,0,0,,3.133333333,1.97030367865,0.343370312233,-0.000492537478282,0.987593367606,0.156254020068,-0.0156211866992,0.985151839323,0.171685156116,-0.000246268739141,1.10947370483,0.444823777803,0.0319350856654,1.0705994226248525,0.44466041923883803,0.03488934800526446
3.0833333333333335,-63.62005630349959,-11.029784024672786,2.834237504539796,0.8785530790678368,0.3742191846740997,0.045429019223951435,1.9703225564661044,0.34326193548690664,-0.0005168429722389944,DEPTH_PROPOSAL_CERTIFIED,3.2057708814707726,0,4,0,0,0,FULL_MOTION_CERTIFICATE,0,0,0,1,0,0,0,0,0,,3.15,1.97031304685,0.343316534099,-0.000504811013627,0.987597632036,0.15622706463,-0.0156211866992,0.985156523424,0.171658267049,-0.000252405506814,1.12911756541,0.442662969845,0.0304854488828,1.109486030597106,0.4447930337900142,0.031935085665412026
3.1,-63.60509736721378,-11.023460659305135,2.834975786715825,0.897536177148625,0.3794019220590761,0.04429693056174558,1.9703321750126077,0.3432067025831031,-0.0005285944759848135,DEPTH_PROPOSAL_CERTIFIED,3.2018802801727912,0,4,0,0,0,FULL_MOTION_CERTIFICATE,0,0,0,1,0,0,0,0,0,,3.166666666,1.97032255647,0.343261935487,-0.000516842972239,0.987601960755,0.15619969795,-0.0156211866992,0.985161278233,0.171630967743,-0.000258421486119,1.14883347025,0.439627506374,0.029047037944,1.1291299737342424,0.44263131815578843,0.030485448882834037
3.1166666666666667,-63.589821120670585,-11.01706129254994,2.8356948139769327,0.9165747925918617,0.38396200531166713,0.04314163566646215,1.9703418759560485,0.3431509874537453,-0.0005400588113841604,DEPTH_PROPOSAL_CERTIFIED,3.1982402566589827,0,4,0,0,0,FULL_MOTION_CERTIFICATE,0,0,0,1,0,0,0,0,0,,3.183333333,1.97033217501,0.343206702583,-0.000528594475985,0.987606338969,0.15617201335,-0.0156211866992,0.985166087506,0.171603351292,-0.000264297237992,1.16854918448,0.436590783417,0.0276086561528,1.14884590099935,0.43959502099327796,0.029047037944004227
3.1333333333333333,-63.574226708964915,-11.01059551728121,2.83639422889017,0.935664702340208,0.3879465161237549,0.041964894794214405,1.9703516318611074,0.343094947452999,-0.000551229983322189,DEPTH_PROPOSAL_CERTIFIED,3.194880802731741,0,5,0,0,0,FULL_MOTION_CERTIFICATE,0,0,0,1,0,0,0,0,0,,3.2,1.97034187596,0.343150987454,-0.000540058811384,0.987610754602,0.156144087052,-0.0156211866992,0.985170937978,0.171575493727,-0.000270029405692,1.18826470043,0.433552759175,0.0261703045736,1.1685616012700346,0.4365575480312264,0.027608656152791934
3.15,-63.55831334224929,-11.004072201180522,2.8370737011389866,0.9548020029372773,0.39139896604127644,0.04076833492901364,1.970361417376991,0.34303872806576796,-0.0005621024423998231,DEPTH_PROPOSAL_CERTIFIED,3.1918623650444586,0,5,0,0,0,FULL_MOTION_CERTIFICATE,0,0,0,1,0,0,0,0,0,,3.2,1.97034187596,0.343150987454,-0.000540058811384,0.987610754602,0.156144087052,-0.0156211866992,0.985170937978,0.171575493727,-0.000270029405692,1.18826470043,0.433552759175,0.0261703045736,1.1882770702215244,0.4335188550350389,0.026170304573564285
3.1666666666666665,-63.54210516815247,-10.997495746244473,2.837734741531294,0.9724904458096805,0.39458729616296867,0.0396624235384493,1.970371209078888,0.34298246380954794,-0.0005726710507864625,DEPTH_PROPOSAL_CERTIFIED,3.1892085409707818,0,5,0,0,0,FULL_MOTION_CERTIFICATE,0,0,0,1,0,0,0,0,0,,3.233333333,1.97036141738,0.343038728066,-0.0005621024424,0.987619649115,0.156087818899,-0.0156211866992,0.985180708688,0.171519364033,-0.0002810512212,1.22769491167,0.427471336029,0.0232937263126,1.1882894488529987,0.4334849236476137,0.026170304573564285
3.183333333333333,-63.52557475077166,-10.990877815352984,2.838375114376599,0.9918250428481961,0.3970758534893026,0.03842237071830604,1.9703810065174177,0.34292615723244807,-0.0005829589993130492,DEPTH_PROPOSAL_CERTIFIED,3.1869314189752953,0,5,0,0,0,FULL_MOTION_CERTIFICATE,0,0,0,1,0,0,0,0,0,,3.25,1.97037120908,0.34298246381,-0.000572671050786,0.987624105794,0.15605961739,-0.0156211866992,0.985185604539,0.171491231905,-0.000286335525393,1.24740980155,0.424429206493,0.0218554700702,1.227707126718087,0.4274362528705765,0.023293726312558143
3.2,-63.50872161010442,-10.984225392244767,2.8389945694180554,1.0111884400343156,0.39914538649300174,0.03716730248738642,1.9703907668798406,0.3428700544324787,-0.0005929318193106299,DEPTH_PROPOSAL_CERTIFIED,3.185048253061787,0,5,0,0,0,FULL_MOTION_CERTIFICATE,0,0,0,2,0,0,0,0,0,,3.266666666,1.97038100652,0.342926157232,-0.000582958999313,0.987628564998,0.156031394679,-0.0156211866992,0.985190503259,0.171463078616,-0.000291479499657,1.26712446778,0.421385619845,0.0204172477657,1.247421885704969,0.4243936891381308,0.021855470070167526
3.216666666666667,-63.49154530282227,-10.977544933336247,2.8395928754005197,1.030578436929283,0.4008275345112203,0.03589835894786726,1.970400471806032,0.34281426107613405,-0.0006025855879424092,DEPTH_PROPOSAL_CERTIFIED,3.183575617801546,0,5,0,0,0,FULL_MOTION_CERTIFICATE,0,0,0,2,0,0,0,0,0,,3.283333333,1.97039076688,0.342870054432,-0.000592931819311,0.98763300724,0.156003274119,-0.0156211866992,0.98519538344,0.171435027216,-0.000296465909655,1.28683890728,0.418340540652,0.0189790600464,1.2671363990478843,0.4213497403334867,0.020417247765733434
3.2333333333333334,-63.474045419493535,-10.970842407717505,2.840169818631846,1.0499929997241124,0.4021515371245187,0.03461659387957299,1.9704101043292443,0.342758874889049,-0.000611916669166816,DEPTH_PROPOSAL_CERTIFIED,3.1825294359625667,0,5,0,0,0,FULL_MOTION_CERTIFICATE,0,0,0,2,0,0,0,0,0,,3.3,1.97040047181,0.342814261076,-0.000602585587942,0.987637424165,0.155975308671,-0.0156211866992,0.985200235903,0.171407130538,-0.000301292793971,1.30655311352,0.415293934912,0.017540907798,1.286850665821033,0.4183043690067595,0.01897906004638281
3.25,-63.45622158202114,-10.964123334116314,2.840725201653473,1.0694302483435898,0.4031444160714357,0.033322981297636806,1.9704196487697199,0.3427039862599593,-0.0006209216916214802,DEPTH_PROPOSAL_CERTIFIED,3.181925004174033,0,5,0,0,0,FULL_MOTION_CERTIFICATE,0,0,0,2,0,0,0,0,0,,3.3,1.97040047181,0.342814261076,-0.000602585587942,0.987637424165,0.155975308671,-0.0156211866992,0.985200235903,0.171407130538,-0.000301292793971,1.30655311352,0.415293934912,0.017540907798,1.3065646815012149,0.4152575392238233,0.01754090779801531
3.2666666666666666,-63.43809831793562,-10.957389011635478,2.841260657814621,1.0873958451316115,0.40405934885015315,0.03212736966887761,1.9704290906363509,0.34264967879885105,-0.0006295975281865296,DEPTH_PROPOSAL_CERTIFIED,3.1817807054573337,0,6,0,0,0,FULL_MOTION_CERTIFICATE,0,0,0,2,0,0,0,0,0,,3.333333333,1.97041964877,0.34270398626,-0.000620921691621,0.987646151765,0.155920035371,-0.0156211866992,0.985209824385,0.17135199313,-0.000310460845811,1.34598057489,0.409194511858,0.0146647477592,1.306576125945476,0.4152215287505061,0.01754090779801531
3.283333333333333,-63.41964854388087,-10.950648251739423,2.8417740652107315,1.1069864432849863,0.40444559376330363,0.03080444376662632,1.9704384377383628,0.34259590785421745,-0.0006379692352397351,DEPTH_PROPOSAL_CERTIFIED,3.182106285420874,0,6,0,0,0,FULL_MOTION_CERTIFICATE,0,0,0,2,0,0,0,0,0,,3.35,1.97042909064,0.342649678799,-0.000629597528187,0.987650448712,0.155892814731,-0.0156211866992,0.985214545318,0.171324839399,-0.000314798764093,1.36569405743,0.40614317499,0.0132267054795,1.345991740756161,0.4091577817037397,0.014664747759160504
3.3,-63.40087210499745,-10.943905394841206,2.8422652784928433,1.1265863330053485,0.40457141389300644,0.029472796926694272,1.9704476548784977,0.3425428762397454,-0.0006460040485897311,DEPTH_PROPOSAL_CERTIFIED,3.182915373383538,0,6,0,0,0,FULL_MOTION_CERTIFICATE,0,0,0,2,0,0,0,0,0,,3.366666666,1.97043843774,0.342595907854,-0.00063796923524,0.98765470245,0.155865863019,-0.0156211866992,0.985219218869,0.171297953927,-0.00031898461762,1.38540728441,0.403090177176,0.0117887019101,1.3657049875937686,0.4061064194753806,0.013226705479523267
3.316666666666667,-63.381768858494425,-10.937164454555026,2.8427341633721563,1.146194790181178,0.4044564171708229,0.02813309275877029,1.9704567307362204,0.34249064946816304,-0.0006536996262790682,DEPTH_PROPOSAL_CERTIFIED,3.1842210513806153,0,6,0,0,0,FULL_MOTION_CERTIFICATE,0,0,0,2,0,0,0,0,0,,3.383333333,1.97044765488,0.34254287624,-0.00064600404859,0.987658896961,0.155839281891,-0.0156211866992,0.985223827439,0.17127143812,-0.000323002024295,1.40512025319,0.400035486249,0.010350737625,1.3854179677262926,0.40305345716018415,0.01178870191009812
3.3333333333333335,-63.36233867273683,-10.930429142496243,2.843180595782866,1.1658111454553424,0.40411872352699013,0.026785944642579135,1.970465654845943,0.34243928816716446,-0.0006610537910409512,DEPTH_PROPOSAL_CERTIFIED,3.186035872201544,0,6,0,0,0,FULL_MOTION_CERTIFICATE,0,0,0,2,0,0,0,0,0,,3.4,1.97045673074,0.342490649468,-0.000653699626279,0.987663027095,0.155813104184,-0.0156211866992,0.985228365368,0.171245324734,-0.00032684981314,1.42483295755,0.396979070558,0.00891281345872,1.4051306798001484,0.3999988610722301,0.010350737625046976
3.35,-63.342581426406845,-10.923702891201868,2.8436044611087476,1.185434779799238,0.40357507766240497,0.025431919552892566,1.9704744175313937,0.34238884845174933,-0.0006680645174279867,DEPTH_PROPOSAL_CERTIFIED,3.188371876084273,0,6,0,0,0,FULL_MOTION_CERTIFICATE,0,0,0,2,0,0,0,0,0,,3.4,1.97045673074,0.342490649468,-0.000653699626279,0.987663027095,0.155813104184,-0.0156211866992,0.985228365368,0.171245324734,-0.00032684981314,1.42483295755,0.396979070558,0.00891281345872,1.4248431187947643,0.39694259811446564,0.008912813458716346
3.3666666666666667,-63.32252188423952,-10.916985059412724,2.8440074689774395,1.20357253003958,0.403069907348674,0.024180472121515584,1.9704830098449644,0.34233938226833444,-0.0006747299199199022,DEPTH_PROPOSAL_CERTIFIED,3.1912431076848624,0,7,0,0,0,FULL_MOTION_CERTIFICATE,0,0,0,2,0,0,0,0,0,,3.433333333,1.97047441753,0.342388848452,-0.000668064517428,0.987671075553,0.155762078321,-0.0156211866992,0.985237208766,0.171194424226,-0.000334032258714,1.46425729653,0.390859275406,0.00603712724489,1.4248530829717558,0.39690682952115597,0.008912813458716346
3.3833333333333333,-63.302133182476844,-10.910282690655762,2.8443875685823983,1.2233221057608092,0.4021421254177083,0.022805976297528528,1.9704914447372652,0.3422908154660841,-0.0006810762137073219,DEPTH_PROPOSAL_CERTIFIED,3.194657580150465,0,7,0,0,0,FULL_MOTION_CERTIFICATE,0,0,0,2,0,0,0,0,0,,3.45,1.97048300984,0.342339382268,-0.00067472991992,0.987674985406,0.155737284327,-0.0156211866992,0.985241504922,0.171169691134,-0.00033736495996,1.48396918675,0.38779755548,0.00459932650699,1.4642669295598054,0.39082318585992637,0.006037127244886364
3.4,-63.28141536906406,-10.903598478887774,2.8447446799931773,1.243068804767444,0.40105270607931914,0.021426684646730088,1.970499691712806,0.34224332410179403,-0.0006870716775980692,DEPTH_PROPOSAL_CERTIFIED,3.1986259507676635,0,7,0,0,0,FULL_MOTION_CERTIFICATE,0,0,0,2,0,0,0,0,0,,3.466666666,1.97049144474,0.342290815466,-0.000681076213707,0.98767882355,0.155712941137,-0.0156211866992,0.985245722369,0.171145407733,-0.000340538106854,1.50368078984,0.384733974971,0.00316156917332,1.48397853264839,0.3877617901509717,0.004599326506989052
3.4166666666666665,-63.26036848868255,-10.896934916260898,2.8450787293894693,1.262812822890226,0.3998137576126029,0.020042963777532362,1.970507743813451,0.34219694872577416,-0.000692714943225252,DEPTH_PROPOSAL_CERTIFIED,3.2031584128637958,0,7,0,0,0,FULL_MOTION_CERTIFICATE,0,0,0,2,0,0,0,0,0,,3.483333333,1.97049969171,0.342243324102,-0.000687071677598,0.987682576108,0.155689136994,-0.0156211866992,0.985249845856,0.171121662051,-0.000343535838799,1.52339210264,0.381668498811,0.00172385588922,1.5036898439881654,0.38469858631866455,0.0031615691733200436
3.433333333333333,-63.238992583000154,-10.890294308456504,2.845389648599034,1.2825543409437217,0.39843646826367124,0.018655152573872475,1.9705155946003614,0.3421517269080799,-0.0006980047307863861,DEPTH_PROPOSAL_CERTIFIED,3.208264707490569,0,7,0,0,0,FULL_MOTION_CERTIFICATE,0,0,0,2,0,0,0,0,0,,3.5,1.97050774381,0.342196948726,-0.000692714943225,0.987686239918,0.155665892224,-0.0156211866992,0.985253871907,0.171098474363,-0.000346357471613,1.54310311824,0.378601091144,0.000286187590733,1.5234008611963703,0.38163353820670487,0.0017238558892217705
3.45,-63.217287690907256,-10.883678788858337,2.8456773746709936,1.3022935255740289,0.39693117588997656,0.017263564317574025,1.9705232381138078,0.3421076934666214,-0.0007029398419346376,DEPTH_PROPOSAL_CERTIFIED,3.213954134168082,0,7,0,0,0,FULL_MOTION_CERTIFICATE,0,0,0,2,0,0,0,0,0,,3.5,1.97050774381,0.342196948726,-0.000692714943225,0.987686239918,0.155665892224,-0.0156211866992,0.985253871907,0.171098474363,-0.000346357471613,1.54310311824,0.378601091144,0.000286187590733,1.5431115780637696,0.3785666089309021,0.0002861875907333507
3.466666666666667,-63.19527872523225,-10.877086499176018,2.8459436646612275,1.3205379405002255,0.39553738093911506,0.015977399414025494,1.9705306688360351,0.3420648806780015,-0.0007075191532128599,DEPTH_PROPOSAL_CERTIFIED,3.216766341169084,0,8,0,0,0,FULL_MOTION_CERTIFICATE,0,0,0,2,0,0,0,0,0,,3.533333333,1.97052323811,0.342107693467,-0.000702939841935,0.987693289804,0.155621154741,-0.0156211866992,0.985261619057,0.171053846733,-0.000351469920967,1.58252395106,0.372458502986,-0.00258896781733,1.5431198025998247,0.3785330825386048,0.0002861875907333507
3.4833333333333334,-63.17293895919214,-10.870523391759633,2.846186512268593,1.3403859624067163,0.3937864449830773,0.014570856441953065,1.9705379029219179,0.3420231958977742,-0.000711769599637851,DEPTH_PROPOSAL_CERTIFIED,3.206840402417024,0,8,0,0,0,FULL_MOTION_CERTIFICATE,0,0,0,2,0,0,0,0,0,,3.55,1.97053066884,0.342064880678,-0.000707519153213,0.987696670662,0.155599695657,-0.0156211866992,0.985265334418,0.171032440339,-0.000353759576606,1.60223405184,0.36938515776,-0.00402649775912,1.5825318296659034,0.37242502631941665,-0.002588967817330646
3.5,-63.150268567316616,-10.863991135522229,2.8464058783681296,1.3602235125314859,0.39193537424427893,0.01316196597217452,1.9705449127550154,0.3419827987574314,-0.0007156600888022126,DEPTH_PROPOSAL_CERTIFIED,3.1966354627928775,0,8,0,0,0,FULL_MOTION_CERTIFICATE,0,0,0,2,0,0,0,0,0,,3.566666666,1.97053790292,0.342023195898,-0.000711769599638,0.987699961985,0.155578801967,-0.0156211866992,0.985268951461,0.171011597949,-0.000355884799819,1.62194382709,0.366309710393,-0.00546397860099,1.602241624053677,0.3693523112309385,-0.004026497759123801
3.5166666666666666,-63.12726771132531,-10.8574912755397,2.8466017268608814,1.3800513594782182,0.3899915989516484,0.011750909565116529,1.9705516940710661,0.34194371431511233,-0.0007191898472849913,DEPTH_PROPOSAL_CERTIFIED,3.186150295848704,0,8,0,0,0,FULL_MOTION_CERTIFICATE,0,0,0,2,0,0,0,0,0,,3.583333333,1.97054491276,0.341982798757,-0.000715660088802,0.987703151206,0.155558553682,-0.0156211866992,0.985272456378,0.170991399379,-0.000357830044401,1.64165327145,0.363232112021,-0.00690140937077,1.6219510922283547,0.36627754038155613,-0.005463978600991025
3.533333333333333,-63.103936541104446,-10.851025242495032,2.846774024445886,1.399870213251655,0.38796198268012266,0.010337855100276443,1.970558242915895,0.3419059658370051,-0.0007223581427735222,DEPTH_PROPOSAL_CERTIFIED,3.1753837523067183,0,8,0,0,0,FULL_MOTION_CERTIFICATE,0,0,0,2,0,0,0,0,0,,3.6,1.97055169407,0.341943714315,-0.000719189847285,0.98770623639,0.155538963361,-0.0156211866992,0.985275847036,0.170971857158,-0.000359594923642,1.66136237534,0.360152310019,-0.00833878873566,1.6416602292875853,0.3632006641675084,-0.006901409370772664
3.55,-63.08027519561489,-10.844594361411744,2.8469227404098856,1.4196807293736107,0.3858528649972485,0.00892295783997797,1.9705645556210603,0.3418695749357349,-0.0007251642805493208,DEPTH_PROPOSAL_CERTIFIED,3.1643347520602805,0,8,0,0,0,FULL_MOTION_CERTIFICATE,0,0,0,2,0,0,0,0,0,,3.6,1.97055169407,0.341943714315,-0.000719189847285,0.98770623639,0.155538963361,-0.0156211866992,0.985275847036,0.170971857158,-0.000359594923642,1.66136237534,0.360152310019,-0.00833878873566,1.6613690260614709,0.36012162926618363,-0.008338788735663483
3.566666666666667,-63.05630868005579,-10.838196006534298,2.84704966123932,1.4379909335458962,0.3839012926467096,0.007615249766065708,1.9705706287813405,0.3418345616983344,-0.0007276076002457604,DEPTH_PROPOSAL_CERTIFIED,3.1530220367454476,0,9,0,0,0,FULL_MOTION_CERTIFICATE,0,0,0,2,0,0,0,0,0,,3.633333333,1.97056455562,0.341869574936,-0.000725164280549,0.987712087588,0.155501802427,-0.0156211866992,0.985282277811,0.170934787468,-0.000362582140275,1.70077920785,0.353983822541,-0.0112133400531,1.661375424447776,0.3600921099701351,-0.008338788735663483
3.5833333333333335,-63.03201181057012,-10.831835296965215,2.847152912994681,1.4578121691402535,0.38164257414498065,0.0061951053216773395,1.970576480555377,0.3418008218206867,-0.0007297154845712568,DEPTH_PROPOSAL_CERTIFIED,3.141424503892049,0,9,0,0,0,FULL_MOTION_CERTIFICATE,0,0,0,3,0,0,0,0,0,,3.65,1.97057062878,0.341834561698,-0.000727607600246,0.987714850392,0.155484252714,-0.0156211866992,0.985285314391,0.170917280849,-0.000363803800123,1.72048725329,0.350897180259,-0.0126505597538,1.7007852684396931,0.3539547021050411,-0.011213340053148481
3.6,-63.0073847092151,-10.825513274756581,2.8472324727319416,1.4776260813009368,0.3793213325180391,0.00477358423562904,1.9705820861550567,0.3417684986840915,-0.0007314588215441874,DEPTH_PROPOSAL_CERTIFIED,3.129541256080957,0,9,0,0,0,FULL_MOTION_CERTIFICATE,0,0,0,3,0,0,0,0,0,,3.666666666,1.97057648056,0.341800821821,-0.000729715484571,0.987717512416,0.155467341245,-0.0156211866992,0.985288240278,0.17090041091,-0.000364857742286,1.73980147763,0.347869718428,-0.0140590304281,1.7204930087561836,0.35086895939532176,-0.012650559753787503
3.6166666666666667,-62.982427489957935,-10.819230888334063,2.847288319893462,1.4974331554301152,0.376943185351096,0.003350829691237737,1.9705874428830634,0.3417376082631862,-0.0007328370541207432,DEPTH_PROPOSAL_CERTIFIED,3.117371451141454,0,9,0,0,0,FULL_MOTION_CERTIFICATE,0,0,0,3,0,0,0,0,0,,3.683333333,1.97058208616,0.341768498684,-0.000731458821544,0.987720062383,0.155451139886,-0.0156211866992,0.985291043078,0.170884249342,-0.000365729410772,1.75765289065,0.345069154838,-0.015360798861,1.7398069305283037,0.34784244574504053,-0.014059030428093568
3.6333333333333333,-62.957141703919476,-10.812988780058053,2.8473205412613565,1.5171471623074635,0.3745264965606283,0.001933282073646795,1.9705925482747988,0.34170816517683,-0.0007338496565586705,DEPTH_PROPOSAL_CERTIFIED,3.1049154409039317,0,9,0,0,0,FULL_MOTION_CERTIFICATE,0,0,0,3,0,0,0,0,0,,3.7,1.97058744288,0.341737608263,-0.000732837054121,0.98772249907,0.155435656644,-0.0156211866992,0.985293721442,0.170868804132,-0.00036641852706,1.77415229306,0.342478409214,-0.0165639484712,1.757658046211113,0.3450428933169223,-0.015360798860962763
3.65,-62.93153141031159,-10.806787168356065,2.8473294075401787,1.5366176164729581,0.3720967021192658,0.0005319767293411584,1.9705974013075442,0.34168017570968456,-0.0007344977555935082,DEPTH_PROPOSAL_CERTIFIED,3.0921755866742573,0,9,0,0,0,FULL_MOTION_CERTIFICATE,0,0,0,3,0,0,0,0,0,,3.7,1.97058744288,0.341737608263,-0.000732837054121,0.98772249907,0.155435656644,-0.0156211866992,0.985293721442,0.170868804132,-0.00036641852706,1.77415229306,0.342478409214,-0.0165639484712,1.774157157291995,0.3424532099346432,-0.016563948471187674
3.6666666666666665,-62.9056211872173,-10.800623015478253,2.847316688054859,1.5546133856577515,0.36984917266872597,-0.0007631691191837483,1.970602003193712,0.3416536332303097,-0.0007347853151409413,DEPTH_PROPOSAL_CERTIFIED,3.0791706171234448,0,10,0,0,0,FULL_MOTION_CERTIFICATE,0,0,0,3,0,0,0,0,0,,3.733333333,1.97059740131,0.34168017571,-0.000734497755594,0.987727028786,0.15540686964,-0.0156211866992,0.985298700654,0.170840087855,-0.000367248877797,1.80465256011,0.337680731999,-0.0187879522258,1.774161769712232,0.34242931337213983,-0.016563948471187674
3.683333333333333,-62.879395252641466,-10.794499508462726,2.847281210005011,1.5735560745499186,0.36741042093161164,-0.0021286829908957966,1.9706063729366308,0.34162842841231605,-0.0007347394556274557,DEPTH_PROPOSAL_CERTIFIED,3.0627676060886975,0,10,0,0,0,FULL_MOTION_CERTIFICATE,0,0,0,3,0,0,0,0,0,,3.75,1.97060200319,0.34165363323,-0.000734785315141,0.987729121908,0.155393565703,-0.0156211866992,0.985301001597,0.170826816615,-0.00036739265757,1.81771285502,0.335624490591,-0.0197402545884,1.8046568790343571,0.3376576497388165,-0.01878795222578285
3.7,-62.85286103418943,-10.78841616289006,2.8472234951223374,1.5920531071221267,0.36500073435995967,-0.003462892960407419,1.9706104949988723,0.34160465123056966,-0.0007343418406636893,DEPTH_PROPOSAL_CERTIFIED,3.046684078816017,0,10,0,0,0,FULL_MOTION_CERTIFICATE,0,0,0,3,0,0,0,0,0,,3.766666666,1.97060637294,0.341628428412,-0.000734739455627,0.987731109373,0.155380932237,-0.0156211866992,0.985303186468,0.170814214206,-0.000367369727814,1.82966356391,0.333740958385,-0.0206116271907,1.8177169045030588,0.33560255818580664,-0.0197402545884488
3.716666666666667,-62.8260267977498,-10.782372312962792,2.847144127797454,1.610054186378035,0.3626309956361129,-0.004762039493005628,1.9706143739353523,0.34158227569644706,-0.000733600310760536,DEPTH_PROPOSAL_CERTIFIED,3.0313350634101095,0,10,0,0,0,FULL_MOTION_CERTIFICATE,0,0,0,3,0,0,0,0,0,,3.783333333,1.970610495,0.341604651231,-0.000734341840664,0.987732984115,0.15536901434,-0.0156211866992,0.985305247499,0.170802325615,-0.000367170920332,1.84070920082,0.33199831216,-0.021416986768,1.8296673533001193,0.3337201832051821,-0.02061162719070384
3.7333333333333334,-62.79890132576329,-10.77636716543916,2.8470437314987387,1.627528319190384,0.3603088514179214,-0.006023777922928876,1.9706180151499078,0.341561270895428,-0.0007325236774494714,DEPTH_PROPOSAL_CERTIFIED,3.016676006155784,0,11,0,0,0,FULL_MOTION_CERTIFICATE,0,0,0,3,0,0,0,0,0,,3.8,1.97061437394,0.341582275696,-0.000733600310761,0.98773474821,0.155357798984,-0.0156211866992,0.985307186968,0.170791137848,-0.00036680015538,1.85091831433,0.330385985295,-0.0221613342549,1.840712739501042,0.33197869195598534,-0.021416986767992564
3.75,-62.7714937915387,-10.770399822637462,2.846922959497584,1.6444520534753901,0.35804056810190976,-0.007246320069288237,1.9706214246095837,0.3415416026361243,-0.0007311213600094453,DEPTH_PROPOSAL_CERTIFIED,3.0010578100189984,0,11,0,0,0,FULL_MOTION_CERTIFICATE,0,0,0,3,0,0,0,0,0,,3.8,1.97061437394,0.341582275696,-0.000733600310761,0.98773474821,0.155357798984,-0.0156211866992,0.985307186968,0.170791137848,-0.00036680015538,1.85091831433,0.330385985295,-0.0221613342549,1.8509216117524652,0.3303675116465675,-0.02216133425487251
3.7666666666666666,-62.74382555953933,-10.76446744234754,2.846783355407811,1.6600939199622682,0.3559428173952659,-0.008376245386377951,1.9706246087284458,0.34152323412144087,-0.000729403243069451,DEPTH_PROPOSAL_CERTIFIED,2.985520447842581,0,11,0,0,0,FULL_MOTION_CERTIFICATE,0,0,0,3,0,0,0,0,0,,3.833333333,1.97062142461,0.341541602636,-0.000731121360009,0.987737954558,0.155337412275,-0.0156211866992,0.985310712305,0.170770801318,-0.000365560680005,1.86979067699,0.327399445818,-0.0235372492628,1.8509246911021804,0.3303502587742103,-0.02216133425487251
3.783333333333333,-62.71589255530629,-10.758571122234533,2.846624608636376,1.675980253982583,0.35377920678033975,-0.009524806286110285,1.9706275845265881,0.3415060672994534,-0.0007273929933575768,DEPTH_PROPOSAL_CERTIFIED,2.9700623366528505,0,11,0,0,0,FULL_MOTION_CERTIFICATE,0,0,0,3,0,0,0,0,0,,3.85,1.97062460873,0.341523234121,-0.000729403243069,0.98773940245,0.15532820534,-0.0156211866992,0.985312304364,0.170761617061,-0.000364701621535,1.87779735351,0.32613103404,-0.0241209707999,1.8697935290304253,0.3273831572782405,-0.02353724926284481
3.8,-62.68770472817296,-10.75270973060552,2.846447432364292,1.6912696279997028,0.35168349774074736,-0.010630576325036209,1.9706303471971967,0.3414901301009013,-0.0007250855978063935,DEPTH_PROPOSAL_CERTIFIED,2.9546919045307294,0,11,0,0,0,FULL_MOTION_CERTIFICATE,0,0,0,3,0,0,0,0,0,,3.866666666,1.97062758453,0.341506067299,-0.000727392993358,0.987740755541,0.155319600724,-0.0156211866992,0.985313792263,0.17075303365,-0.000363696496679,1.88519766818,0.324957410406,-0.0246604709752,1.877799991008566,0.3261158474577204,-0.02412097079993252
3.816666666666667,-62.65927203933202,-10.746882101852778,2.8462525415787607,1.7059613304560273,0.3496577251645148,-0.011693447131866713,1.9706329041128046,0.34147538012777817,-0.0007224918844730888,DEPTH_PROPOSAL_CERTIFIED,2.939417424572798,0,12,0,0,0,FULL_MOTION_CERTIFICATE,0,0,0,3,0,0,0,0,0,,3.883333333,1.9706303472,0.341490130101,-0.000725085597806,0.987742011647,0.155311612426,-0.0156211866992,0.985315173599,0.17074506505,-0.000362542798903,1.8920375437,0.323871487236,-0.0251590999566,1.8852001004231806,0.3249432997344784,-0.02466047097519854
3.8333333333333335,-62.63060440295408,-10.741087047975247,2.84604064870633,1.720058182676659,0.3477032326518938,-0.012713572345863034,1.970635262739939,0.3414617744185103,-0.0007196227165915436,DEPTH_PROPOSAL_CERTIFIED,2.9242469821422317,0,12,0,0,0,FULL_MOTION_CERTIFICATE,0,0,0,3,0,0,0,0,0,,3.9,1.97063290411,0.341475380128,-0.000722491884473,0.987743174123,0.155304219195,-0.0156211866992,0.985316452056,0.170737690064,-0.000361245942237,1.89835942296,0.322866710788,-0.0256199540144,1.892039779768367,0.3238584239979172,-0.025159099956618206
3.85,-62.6017116361607,-10.735323368552347,2.8458124598974486,1.7335660076026231,0.34582076537403195,-0.013691328532877009,1.9706374305829268,0.34144926977391576,-0.0007164889253809554,DEPTH_PROPOSAL_CERTIFIED,2.9091884486607817,0,12,0,0,0,FULL_MOTION_CERTIFICATE,0,0,0,3,0,0,0,0,0,,3.9,1.97063290411,0.341475380128,-0.000722491884473,0.987743174123,0.155304219195,-0.0156211866992,0.985316452056,0.170737690064,-0.000361245942237,1.89835942296,0.322866710788,-0.0256199540144,1.8983614716993868,0.3228546645841177,-0.02561995401444755
3.8666666666666667,-62.57261079191853,-10.729588700654572,2.845569209692757,1.746050654530379,0.344080073866436,-0.014595012281480834,1.9706394151356859,0.34143782303705844,-0.0007131012528305284,DEPTH_PROPOSAL_CERTIFIED,2.894254732001757,0,12,0,0,0,FULL_MOTION_CERTIFICATE,0,0,0,3,0,0,0,0,0,,3.933333333,1.97063743058,0.341449269774,-0.000716488925381,0.987745231802,0.155291131681,-0.0156211866992,0.985318715291,0.170724634887,-0.00035824446269,1.91004594415,0.321005430894,-0.0264718357308,1.898363347049003,0.32284363747376565,-0.02561995401444755
3.8833333333333333,-62.54330288076361,-10.723883180218708,2.845310963498862,1.7584746692949569,0.34233122615189454,-0.015494771633698562,1.9706412302184877,0.341427354503164,-0.0007094786374964561,DEPTH_PROPOSAL_CERTIFIED,2.8794471323183073,0,12,0,0,0,FULL_MOTION_CERTIFICATE,0,0,0,4,0,0,0,0,0,,3.95,1.97063941514,0.341437823037,-0.000713101252831,0.987746133832,0.155285394114,-0.0156211866992,0.985319707568,0.170718911519,-0.000356550626415,1.91500399906,0.320214927646,-0.0268332401067,1.9100476494228056,0.32099528403448874,-0.026471835730754876
3.9,-62.51379732961894,-10.718205596046838,2.845038401056895,1.7703330686803527,0.34065505031218635,-0.016353746518019605,1.9706428758389858,0.34141786421153875,-0.000705621912686829,DEPTH_PROPOSAL_CERTIFIED,2.8647728703070716,0,13,0,0,0,FULL_MOTION_CERTIFICATE,0,0,0,4,0,0,0,0,0,,3.966666666,1.97064123022,0.341427354503,-0.000709478637496,0.987746958751,0.155280146848,-0.0156211866992,0.985320615109,0.170713677252,-0.000354739318748,1.91958656846,0.319483516012,-0.0271672653427,1.915005541182181,0.3202057050677465,-0.02683324010673639
3.9166666666666665,-62.48410332533455,-10.7125547541317,2.8447521851820685,1.7816402570633387,0.33905051490831417,-0.017172952489589045,1.9706443593480154,0.3414093097873336,-0.0007015414355604456,DEPTH_PROPOSAL_CERTIFIED,2.850238886862742,0,13,0,0,0,FULL_MOTION_CERTIFICATE,0,0,0,4,0,0,0,0,0,,3.983333333,1.97064287584,0.341417864212,-0.000705621912687,0.950925144605,0.30592702638,-0.0463683500801,0.985321437919,0.170708932106,-0.000352810956343,1.92357061678,0.320850799042,-0.0279202472988,1.9195879553357689,0.31947518298107375,-0.027167265342736266
3.933333333333333,-62.45423011447577,-10.706926901096875,2.8444523994905637,1.7923926515267483,0.337671182089516,-0.017987141490288502,1.9706456879453258,0.3414016497158202,-0.000697247309634917,DEPTH_PROPOSAL_CERTIFIED,2.835853833758054,0,13,0,0,0,FULL_MOTION_CERTIFICATE,0,0,0,4,0,0,0,0,0,,4,1.97064435935,0.341409309787,-0.00070154143556,0.950926472641,0.30592289836,-0.0463683500801,0.985322179674,0.170704654894,-0.00035077071778,1.92692662094,0.324309126685,-0.0290871917667,1.9235718639803454,0.3208433217001786,-0.027920247298821938
3.95,-62.424187036071395,-10.701315927796802,2.8441385985840637,1.8025847042626766,0.3366583980043255,-0.01882805439001368,1.970646875572351,0.3413948035740442,-0.0006927406231367009,DEPTH_PROPOSAL_CERTIFIED,2.8216282661217007,0,13,0,0,0,FULL_MOTION_CERTIFICATE,0,0,0,4,0,0,0,0,0,,4,1.97064435935,0.341409309787,-0.00070154143556,0.950926472641,0.30592289836,-0.0463683500801,0.985322179674,0.170704654894,-0.00035077071778,1.92692662094,0.324309126685,-0.0290871917667,1.9269277476409998,0.3243024321650014,-0.029087191766660588
3.966666666666667,-62.393986957597235,-10.69572056305519,2.8438118442212796,1.8120047084495916,0.335721884496779,-0.019605261767032384,1.9706479424007906,0.3413886549784027,-0.000688014220374795,DEPTH_PROPOSAL_CERTIFIED,2.8072126128773176,0,14,0,0,0,FULL_MOTION_CERTIFICATE,0,0,0,4,0,0,0,0,0,,4.033333333,1.97064687557,0.341394803574,-0.000692740623137,0.95092872464,0.305915898189,-0.0463683500801,0.985323437786,0.170697401787,-0.000346370311568,1.93100746333,0.339557343499,-0.0330564363946,1.9269287595299565,0.3242964197047111,-0.029087191766660588
3.9833333333333334,-62.36363662192203,-10.690120362371824,2.8434681060521476,1.8210201405120905,0.33601204100193566,-0.020624290147908477,1.970648897526443,0.34138315142007003,-0.0006830844139937606,DEPTH_PROPOSAL_CERTIFIED,2.791394709882054,0,14,0,0,0,FULL_MOTION_CERTIFICATE,0,0,0,4,0,0,0,0,0,,4.033333333,1.97064687557,0.341394803574,-0.000692740623137,0.95092872464,0.305915898189,-0.0463683500801,0.985323437786,0.170697401787,-0.000346370311568,1.93100746333,0.339557343499,-0.0330564363946,1.9310084116745787,0.3395519503648469,-0.033056436394596864
4.0,-62.33314574558219,-10.684503458957161,2.8431056627851845,1.8294525803904844,0.33701420487976547,-0.021746596017783497,1.9706497975838217,0.3413779661174283,-0.0006778881700699365,DEPTH_PROPOSAL_CERTIFIED,2.7755420305389253,0,14,0,0,0,FULL_MOTION_CERTIFICATE,0,0,0,4,0,0,0,0,0,,4.066666666,1.97064889753,0.34138315142,-0.000683084413994,0.950930533548,0.305910275207,-0.0463683500801,0.985324448763,0.17069157571,-0.000341542206997,1.9328932248,0.36098738513,-0.0382124909197,1.9323283469068901,0.3492406041892889,-0.03543872763025881
4.016666666666667,-62.30252426119492,-10.678856292657299,2.8427224292468805,1.8372890632366112,0.33882997799175607,-0.022994012298231416,1.970650678093234,0.3413728940778456,-0.0006723983883719052,DEPTH_PROPOSAL_CERTIFIED,2.7596720064205895,0,15,0,0,0,FULL_MOTION_CERTIFICATE,0,0,0,4,0,0,0,0,0,,4.083333333,1.97064979758,0.341377966117,-0.00067788817007,0.950931338523,0.305907772909,-0.0463683500801,0.985324898792,0.170688983059,-0.000338944085035,1.9326428501,0.374760821245,-0.0413659536653,1.9328941539593596,0.3609824099580418,-0.0382124909196961
4.033333333333333,-62.27178237936579,-10.673163765558387,2.842315998812911,1.8445129097476394,0.34155162593470423,-0.024385826038160807,1.9706515791498782,0.3413677038944593,-0.0006665822647089488,DEPTH_PROPOSAL_CERTIFIED,2.743803636038797,0,15,0,0,0,FULL_MOTION_CERTIFICATE,0,0,0,4,0,0,0,0,0,,4.083333333,1.97064979758,0.341377966117,-0.00067788817007,0.950931338523,0.305907772909,-0.0463683500801,0.985324898792,0.170688983059,-0.000338944085035,1.9326428501,0.374760821245,-0.0413659536653,1.9326438371821826,0.37475573083867153,-0.04136595366529943
4.05,-62.24092921977708,-10.667429320974772,2.841888128823857,1.851189575322485,0.3440666750169003,-0.025672199343247062,1.9706525450488503,0.3413621399068148,-0.0006604019455939414,DEPTH_PROPOSAL_CERTIFIED,2.727941264758328,0,15,0,0,0,FULL_MOTION_CERTIFICATE,0,0,0,4,0,0,0,0,0,,4.116666666,1.97065157915,0.341367703894,-0.000666582264709,0.950932931635,0.305902820588,-0.0463683500801,0.985325789575,0.170683851947,-0.000333291132354,1.92823215524,0.410169054864,-0.0490598371378,1.9326448953356026,0.37475027381969267,-0.04136595366529943
4.066666666666666,-62.20997878265043,-10.661611421092086,2.8414307289891028,1.857026227598892,0.34907399296112196,-0.027443990085260085,1.9706535709327782,0.3413562300660572,-0.0006538845298161369,DEPTH_PROPOSAL_CERTIFIED,2.7121269566570745,0,15,0,0,0,FULL_MOTION_CERTIFICATE,0,0,0,4,0,0,0,0,0,,4.133333333,1.97065254505,0.341362139907,-0.000660401945594,0.950933795379,0.305900135531,-0.0463683500801,0.985326272524,0.170681069953,-0.000330200972797,1.92621197737,0.425711092724,-0.0524278254136,1.9282333853710572,0.4101632718806263,-0.04905983713781903
4.083333333333333,-62.17894098789088,-10.655696765738325,2.840941783907722,1.8622676855730231,0.3548793212256875,-0.029336704882862608,1.9706547723216277,0.34134930766297206,-0.0006469033953626115,DEPTH_PROPOSAL_CERTIFIED,2.6963789893300687,0,16,0,0,0,FULL_MOTION_CERTIFICATE,0,0,0,4,0,0,0,0,0,,4.15,1.97065357093,0.341356230066,-0.000653884529816,0.950934712803,0.305897283574,-0.0463683500801,0.985326785466,0.170678115033,-0.000326942264908,1.92436784463,0.439808325917,-0.055481528107,1.9262134728574238,0.4257043260533875,-0.052427825413613495
4.1,-62.147824781539114,-10.649674886858582,2.8404198276859063,1.8669723811061045,0.36131273278459075,-0.031317373308934415,1.9706561887870935,0.34134114420717504,-0.000639426668238395,DEPTH_PROPOSAL_CERTIFIED,2.680713045177314,0,16,0,0,0,FULL_MOTION_CERTIFICATE,0,0,0,4,0,0,0,0,0,,4.166666666,1.97065477232,0.341349307663,-0.000646903395363,0.950935787396,0.305893942995,-0.0463683500801,0.985327386161,0.170674653831,-0.000323451697681,1.92266358183,0.452837079946,-0.0583038895133,1.9243696666096983,0.4398003538032109,-0.05548152810701061
4.116666666666666,-62.11663825523285,-10.643537458745865,2.8398637975799943,1.8711915783756912,0.3682456867630522,-0.033361806354719914,1.9706578520481666,0.34133155648981733,-0.0006314310289979904,DEPTH_PROPOSAL_CERTIFIED,2.6651427743169327,0,16,0,0,0,FULL_MOTION_CERTIFICATE,0,0,0,4,0,0,0,0,0,,4.183333333,1.97065618879,0.341341144207,-0.000639426668238,0.950937054619,0.305890003535,-0.0463683500801,0.985328094394,0.170670572104,-0.000319713334119,1.92108862175,0.46487821103,-0.0609124358266,1.922665785064647,0.4528277253002818,-0.05830388951330307
