case,repeat,queries,cpu_ms,decisions_digest,reference_mismatches
32,0,3000,0.202,5098096276654916080,0
32,1,3000,0.384,5098096276654916080,0
32,2,3000,0.431,5098096276654916080,0
32,3,3000,0.349,5098096276654916080,0
32,4,3000,0.347,5098096276654916080,0
256,0,3000,0.215,5098096276654916080,0
256,1,3000,0.224,5098096276654916080,0
256,2,3000,0.268,5098096276654916080,0
256,3,3000,0.434,5098096276654916080,0
256,4,3000,0.425,5098096276654916080,0
1024,0,3000,0.402,5098096276654916080,0
1024,1,3000,0.407,5098096276654916080,0
1024,2,3000,0.217,5098096276654916080,0
1024,3,3000,0.34,5098096276654916080,0
1024,4,3000,0.26,5098096276654916080,0
4096,0,3000,0.346,5098096276654916080,0
4096,1,3000,0.393,5098096276654916080,0
4096,2,3000,0.231,5098096276654916080,0
4096,3,3000,0.427,5098096276654916080,0
4096,4,3000,0.342,5098096276654916080,0
