t,x,y,z,vx,vy,vz,qx,qy,qz,status,esdf_clearance_r048,collision_blocks,recorded_balls,revoked_balls,expired_views,evicted_views
0.0,-64.0,-11.2,2.8,0.0,0.0,0.0,0.0,0.0,0.0,WAITING_ODOMETRY,3.4576320838928183,0,,,,
0.016666666666666666,-64.0,-11.2,2.8,0.0,0.0,0.0,0.0,0.0,0.0,WAITING_ODOMETRY,3.4576320838928183,0,,,,
0.03333333333333333,-64.0,-11.2,2.8,0.0,0.0,0.0,0.0,0.0,0.0,WAITING_ODOMETRY,3.4576320838928183,0,,,,
0.05,-64.0,-11.2,2.8,0.0,0.0,0.0,0.0,0.0,0.0,ZERO_INTENT,3.4576320838928183,0,,,,
0.06666666666666667,-64.0,-11.2,2.8,0.0,0.0,0.0,0.0,0.0,0.0,ZERO_INTENT,3.4576320838928183,0,,,,
0.08333333333333333,-64.0,-11.2,2.8,0.0,0.0,0.0,0.0,0.0,0.0,ZERO_INTENT,3.4576320838928183,0,,,,
0.1,-64.0,-11.2,2.8,0.0,0.0,0.0,0.0,0.0,0.0,ZERO_INTENT,3.4576320838928183,0,,,,
0.11666666666666667,-64.0,-11.2,2.8,0.0,0.0,0.0,0.0,0.0,0.0,ZERO_INTENT,3.4576320838928183,0,,,,
0.13333333333333333,-64.0,-11.2,2.8,0.0,0.0,0.0,0.0,0.0,0.0,ZERO_INTENT,3.4576320838928183,0,,,,
0.15,-64.0,-11.2,2.8,0.0,0.0,0.0,0.0,0.0,0.0,ZERO_INTENT,3.4576320838928183,0,,,,
0.16666666666666666,-64.0,-11.2,2.8,0.0,0.0,0.0,0.0,0.0,0.0,ZERO_INTENT,3.4576320838928183,0,,,,
0.18333333333333332,-64.0,-11.2,2.8,0.0,0.0,0.0,0.0,0.0,0.0,ZERO_INTENT,3.4576320838928183,0,,,,
0.2,-64.0,-11.2,2.8,0.0,0.0,0.0,0.0,0.0,0.0,ZERO_INTENT,3.4576320838928183,0,,,,
0.21666666666666667,-64.0,-11.2,2.8,0.0,0.0,0.0,0.0,0.0,0.0,ZERO_INTENT,3.4576320838928183,0,,,,
0.23333333333333334,-64.0,-11.2,2.8,0.0,0.0,0.0,0.0,0.0,0.0,ZERO_INTENT,3.4576320838928183,0,,,,
0.25,-64.0,-11.2,2.8,0.0,0.0,0.0,0.0,0.0,0.0,ZERO_INTENT,3.4576320838928183,0,,,,
0.26666666666666666,-64.0,-11.2,2.8,0.0,0.0,0.0,0.0,0.0,0.0,ZERO_INTENT,3.4576320838928183,0,,,,
0.2833333333333333,-64.0,-11.2,2.8,0.0,0.0,0.0,0.0,0.0,0.0,ZERO_INTENT,3.4576320838928183,0,,,,
0.3,-64.0,-11.2,2.8,0.0,0.0,0.0,0.0,0.0,0.0,ZERO_INTENT,3.4576320838928183,0,,,,
0.31666666666666665,-64.0,-11.2,2.8,0.0,0.0,0.0,0.0,0.0,0.0,ZERO_INTENT,3.4576320838928183,0,,,,
0.3333333333333333,-64.0,-11.2,2.8,0.0,0.0,0.0,0.0,0.0,0.0,ZERO_INTENT,3.4576320838928183,0,,,,
0.35,-64.0,-11.2,2.8,0.0,0.0,0.0,0.0,0.0,0.0,ZERO_INTENT,3.4576320838928183,0,,,,
0.36666666666666664,-64.0,-11.2,2.8,0.0,0.0,0.0,0.0,0.0,0.0,ZERO_INTENT,3.4576320838928183,0,,,,
0.38333333333333336,-64.0,-11.2,2.8,0.0,0.0,0.0,0.0,0.0,0.0,ZERO_INTENT,3.4576320838928183,0,,,,
0.4,-64.0,-11.2,2.8,0.0,0.0,0.0,0.0,0.0,0.0,ZERO_INTENT,3.4576320838928183,0,,,,
0.4166666666666667,-64.0,-11.2,2.8,0.0,0.0,0.0,0.0,0.0,0.0,ZERO_INTENT,3.4576320838928183,0,,,,
0.43333333333333335,-64.0,-11.2,2.8,0.0,0.0,0.0,0.0,0.0,0.0,ZERO_INTENT,3.4576320838928183,0,,,,
0.45,-64.0,-11.2,2.8,0.0,0.0,0.0,0.0,0.0,0.0,ZERO_INTENT,3.4576320838928183,0,,,,
0.4666666666666667,-64.0,-11.2,2.8,0.0,0.0,0.0,0.0,0.0,0.0,ZERO_INTENT,3.4576320838928183,0,,,,
0.48333333333333334,-64.0,-11.2,2.8,0.0,0.0,0.0,0.0,0.0,0.0,ZERO_INTENT,3.4576320838928183,0,,,,
0.5,-64.0,-11.2,2.8,0.0,0.0,0.0,0.0,0.0,0.0,ZERO_INTENT,3.4576320838928183,0,,,,
0.5166666666666667,-64.0,-11.2,2.8,0.0,0.0,0.0,0.0,0.0,0.0,ZERO_INTENT,3.4576320838928183,0,,,,
0.5333333333333333,-64.0,-11.2,2.8,0.0,0.0,0.0,0.0,0.0,0.0,ZERO_INTENT,3.4576320838928183,0,,,,
0.55,-64.0,-11.2,2.8,0.0,0.0,0.0,0.0,0.0,0.0,ZERO_INTENT,3.4576320838928183,0,,,,
0.5666666666666667,-64.0,-11.2,2.8,0.0,0.0,0.0,0.0,0.0,0.0,ZERO_INTENT,3.4576320838928183,0,,,,
0.5833333333333334,-64.0,-11.2,2.8,0.0,0.0,0.0,0.0,0.0,0.0,ZERO_INTENT,3.4576320838928183,0,,,,
0.6,-64.0,-11.2,2.8,0.0,0.0,0.0,0.0,0.0,0.0,ZERO_INTENT,3.4576320838928183,0,,,,
0.6166666666666667,-64.0,-11.2,2.8,0.0,0.0,0.0,0.0,0.0,0.0,ZERO_INTENT,3.4576320838928183,0,,,,
0.6333333333333333,-64.0,-11.2,2.8,0.0,0.0,0.0,0.0,0.0,0.0,ZERO_INTENT,3.4576320838928183,0,,,,
0.65,-64.0,-11.2,2.8,0.0,0.0,0.0,0.0,0.0,0.0,ZERO_INTENT,3.4576320838928183,0,,,,
0.6666666666666666,-64.0,-11.2,2.8,0.0,0.0,0.0,0.0,0.0,0.0,ZERO_INTENT,3.4576320838928183,0,,,,
0.6833333333333333,-64.0,-11.2,2.8,0.0,0.0,0.0,0.0,0.0,0.0,ZERO_INTENT,3.4576320838928183,0,,,,
0.7,-64.0,-11.2,2.8,0.0,0.0,0.0,0.0,0.0,0.0,ZERO_INTENT,3.4576320838928183,0,,,,
0.7166666666666667,-64.0,-11.2,2.8,0.0,0.0,0.0,0.0,0.0,0.0,ZERO_INTENT,3.4576320838928183,0,,,,
0.7333333333333333,-64.0,-11.2,2.8,0.0,0.0,0.0,0.0,0.0,0.0,ZERO_INTENT,3.4576320838928183,0,,,,
0.75,-64.0,-11.2,2.8,0.0,0.0,0.0,0.0,0.0,0.0,ZERO_INTENT,3.4576320838928183,0,,,,
0.7666666666666667,-64.0,-11.2,2.8,0.0,0.0,0.0,0.0,0.0,0.0,ZERO_INTENT,3.4576320838928183,0,,,,
0.7833333333333333,-64.0,-11.2,2.8,0.0,0.0,0.0,0.0,0.0,0.0,ZERO_INTENT,3.4576320838928183,0,,,,
0.8,-64.0,-11.2,2.8,0.0,0.0,0.0,0.0,0.0,0.0,ZERO_INTENT,3.4576320838928183,0,,,,
0.8166666666666667,-64.0,-11.2,2.8,0.0,0.0,0.0,0.0,0.0,0.0,ZERO_INTENT,3.4576320838928183,0,,,,
0.8333333333333334,-64.0,-11.2,2.8,0.0,0.0,0.0,0.0,0.0,0.0,ZERO_INTENT,3.4576320838928183,0,,,,
0.85,-64.0,-11.2,2.8,0.0,0.0,0.0,0.0,0.0,0.0,ZERO_INTENT,3.4576320838928183,0,,,,
0.8666666666666667,-64.0,-11.2,2.8,0.0,0.0,0.0,0.0,0.0,0.0,ZERO_INTENT,3.4576320838928183,0,,,,
0.8833333333333333,-64.0,-11.2,2.8,0.0,0.0,0.0,0.0,0.0,0.0,ZERO_INTENT,3.4576320838928183,0,,,,
0.9,-64.0,-11.2,2.8,0.0,0.0,0.0,0.0,0.0,0.0,ZERO_INTENT,3.4576320838928183,0,,,,
0.9166666666666666,-64.0,-11.2,2.8,0.0,0.0,0.0,0.0,0.0,0.0,ZERO_INTENT,3.4576320838928183,0,,,,
0.9333333333333333,-64.0,-11.2,2.8,0.0,0.0,0.0,0.0,0.0,0.0,ZERO_INTENT,3.4576320838928183,0,,,,
0.95,-64.0,-11.2,2.8,0.0,0.0,0.0,0.0,0.0,0.0,ZERO_INTENT,3.4576320838928183,0,,,,
0.9666666666666667,-64.0,-11.2,2.8,0.0,0.0,0.0,0.0,0.0,0.0,ZERO_INTENT,3.4576320838928183,0,,,,
0.9833333333333333,-64.0,-11.2,2.8,0.0,0.0,0.0,0.0,0.0,0.0,ZERO_INTENT,3.4576320838928183,0,,,,
1.0,-64.0,-11.2,2.8,0.0,0.0,0.0,1.0,0.15,0.1,ZERO_INTENT,3.4576320838928183,0,,,,
1.0166666666666666,-64.0,-11.2,2.8,0.0,0.0,0.0,1.0,0.15,0.1,ZERO_INTENT,3.4576320838928183,0,,,,
1.0333333333333334,-64.0,-11.2,2.8,0.0,0.0,0.0,1.0,0.15,0.1,UNOBSERVED_BODY_ENVELOPE,3.4576320838928183,0,,,,
1.05,-64.0,-11.2,2.8,0.0,0.0,0.0,1.0,0.15,0.1,UNOBSERVED_BODY_ENVELOPE,3.4576320838928183,0,0,0,0,0
1.0666666666666667,-64.0,-11.2,2.8,0.0,0.0,0.0,1.0,0.15,0.1,UNOBSERVED_BODY_ENVELOPE,3.4576320838928183,0,0,0,0,0
1.0833333333333333,-64.0,-11.2,2.8,0.0,0.0,0.0,1.0,0.15,0.1,UNOBSERVED_BODY_ENVELOPE,3.4576320838928183,0,0,0,0,0
1.1,-64.0,-11.2,2.8,0.0,0.0,0.0,1.0,0.15,0.1,UNOBSERVED_BODY_ENVELOPE,3.4576320838928183,0,0,0,0,0
1.1166666666666667,-64.0,-11.2,2.8,0.0,0.0,0.0,1.0,0.15,0.1,UNOBSERVED_BODY_ENVELOPE,3.4576320838928183,0,0,0,0,0
1.1333333333333333,-64.0,-11.2,2.8,0.0,0.0,0.0,1.0,0.15,0.1,UNOBSERVED_BODY_ENVELOPE,3.4576320838928183,0,0,0,0,0
1.15,-64.0,-11.2,2.8,0.0,0.0,0.0,1.0,0.15,0.1,UNOBSERVED_BODY_ENVELOPE,3.4576320838928183,0,0,0,0,0
1.1666666666666667,-64.0,-11.2,2.8,0.0,0.0,0.0,1.0,0.15,0.1,UNOBSERVED_BODY_ENVELOPE,3.4576320838928183,0,0,0,0,0
1.1833333333333333,-64.0,-11.2,2.8,0.0,0.0,0.0,1.0,0.15,0.1,UNOBSERVED_BODY_ENVELOPE,3.4576320838928183,0,0,0,0,0
1.2,-64.0,-11.2,2.8,0.0,0.0,0.0,1.0,0.15,0.1,UNOBSERVED_BODY_ENVELOPE,3.4576320838928183,0,0,0,0,0
1.2166666666666666,-64.0,-11.2,2.8,0.0,0.0,0.0,1.0,0.15,0.1,UNOBSERVED_BODY_ENVELOPE,3.4576320838928183,0,0,0,0,0
1.2333333333333334,-64.0,-11.2,2.8,0.0,0.0,0.0,1.0,0.15,0.1,UNOBSERVED_BODY_ENVELOPE,3.4576320838928183,0,0,0,0,0
1.25,-64.0,-11.2,2.8,0.0,0.0,0.0,1.0,0.15,0.1,UNOBSERVED_BODY_ENVELOPE,3.4576320838928183,0,0,0,0,0
1.2666666666666666,-64.0,-11.2,2.8,0.0,0.0,0.0,1.0,0.15,0.1,UNOBSERVED_BODY_ENVELOPE,3.4576320838928183,0,0,0,0,0
1.2833333333333334,-64.0,-11.2,2.8,0.0,0.0,0.0,1.0,0.15,0.1,UNOBSERVED_BODY_ENVELOPE,3.4576320838928183,0,0,0,0,0
1.3,-64.0,-11.2,2.8,0.0,0.0,0.0,1.0,0.15,0.1,UNOBSERVED_BODY_ENVELOPE,3.4576320838928183,0,0,0,0,0
1.3166666666666667,-64.0,-11.2,2.8,0.0,0.0,0.0,1.0,0.15,0.1,UNOBSERVED_BODY_ENVELOPE,3.4576320838928183,0,0,0,0,0
1.3333333333333333,-64.0,-11.2,2.8,0.0,0.0,0.0,1.0,0.15,0.1,UNOBSERVED_BODY_ENVELOPE,3.4576320838928183,0,0,0,0,0
1.35,-64.0,-11.2,2.8,0.0,0.0,0.0,1.0,0.15,0.1,UNOBSERVED_BODY_ENVELOPE,3.4576320838928183,0,0,0,0,0
1.3666666666666667,-64.0,-11.2,2.8,0.0,0.0,0.0,1.0,0.15,0.1,UNOBSERVED_BODY_ENVELOPE,3.4576320838928183,0,0,0,0,0
1.3833333333333333,-64.0,-11.2,2.8,0.0,0.0,0.0,1.0,0.15,0.1,UNOBSERVED_BODY_ENVELOPE,3.4576320838928183,0,0,0,0,0
1.4,-64.0,-11.2,2.8,0.0,0.0,0.0,1.0,0.15,0.1,UNOBSERVED_BODY_ENVELOPE,3.4576320838928183,0,0,0,0,0
1.4166666666666667,-64.0,-11.2,2.8,0.0,0.0,0.0,1.0,0.15,0.1,UNOBSERVED_BODY_ENVELOPE,3.4576320838928183,0,0,0,0,0
1.4333333333333333,-64.0,-11.2,2.8,0.0,0.0,0.0,1.0,0.15,0.1,UNOBSERVED_BODY_ENVELOPE,3.4576320838928183,0,0,0,0,0
1.45,-64.0,-11.2,2.8,0.0,0.0,0.0,1.0,0.15,0.1,UNOBSERVED_BODY_ENVELOPE,3.4576320838928183,0,0,0,0,0
1.4666666666666666,-64.0,-11.2,2.8,0.0,0.0,0.0,1.0,0.15,0.1,UNOBSERVED_BODY_ENVELOPE,3.4576320838928183,0,0,0,0,0
1.4833333333333334,-64.0,-11.2,2.8,0.0,0.0,0.0,1.0,0.15,0.1,UNOBSERVED_BODY_ENVELOPE,3.4576320838928183,0,0,0,0,0
1.5,-64.0,-11.2,2.8,0.0,0.0,0.0,1.0,0.15,0.1,UNOBSERVED_BODY_ENVELOPE,3.4576320838928183,0,0,0,0,0
1.5166666666666666,-64.0,-11.2,2.8,0.0,0.0,0.0,1.0,0.15,0.1,UNOBSERVED_BODY_ENVELOPE,3.4576320838928183,0,0,0,0,0
1.5333333333333334,-64.0,-11.2,2.8,0.0,0.0,0.0,1.0,0.15,0.1,UNOBSERVED_BODY_ENVELOPE,3.4576320838928183,0,0,0,0,0
1.55,-64.0,-11.2,2.8,0.0,0.0,0.0,1.0,0.15,0.1,UNOBSERVED_BODY_ENVELOPE,3.4576320838928183,0,0,0,0,0
1.5666666666666667,-64.0,-11.2,2.8,0.0,0.0,0.0,1.0,0.15,0.1,UNOBSERVED_BODY_ENVELOPE,3.4576320838928183,0,0,0,0,0
1.5833333333333333,-64.0,-11.2,2.8,0.0,0.0,0.0,1.0,0.15,0.1,UNOBSERVED_BODY_ENVELOPE,3.4576320838928183,0,0,0,0,0
1.6,-64.0,-11.2,2.8,0.0,0.0,0.0,1.0,0.15,0.1,UNOBSERVED_BODY_ENVELOPE,3.4576320838928183,0,0,0,0,0
1.6166666666666667,-64.0,-11.2,2.8,0.0,0.0,0.0,1.0,0.15,0.1,UNOBSERVED_BODY_ENVELOPE,3.4576320838928183,0,0,0,0,0
1.6333333333333333,-64.0,-11.2,2.8,0.0,0.0,0.0,1.0,0.15,0.1,UNOBSERVED_BODY_ENVELOPE,3.4576320838928183,0,0,0,0,0
1.65,-64.0,-11.2,2.8,0.0,0.0,0.0,1.0,0.15,0.1,UNOBSERVED_BODY_ENVELOPE,3.4576320838928183,0,0,0,0,0
1.6666666666666667,-64.0,-11.2,2.8,0.0,0.0,0.0,1.0,0.15,0.1,UNOBSERVED_BODY_ENVELOPE,3.4576320838928183,0,0,0,0,0
1.6833333333333333,-64.0,-11.2,2.8,0.0,0.0,0.0,1.0,0.15,0.1,UNOBSERVED_BODY_ENVELOPE,3.4576320838928183,0,0,0,0,0
1.7,-64.0,-11.2,2.8,0.0,0.0,0.0,1.0,0.15,0.1,UNOBSERVED_BODY_ENVELOPE,3.4576320838928183,0,0,0,0,0
1.7166666666666666,-64.0,-11.2,2.8,0.0,0.0,0.0,1.0,0.15,0.1,UNOBSERVED_BODY_ENVELOPE,3.4576320838928183,0,0,0,0,0
1.7333333333333334,-64.0,-11.2,2.8,0.0,0.0,0.0,1.0,0.15,0.1,UNOBSERVED_BODY_ENVELOPE,3.4576320838928183,0,0,0,0,0
1.75,-64.0,-11.2,2.8,0.0,0.0,0.0,1.0,0.15,0.1,UNOBSERVED_BODY_ENVELOPE,3.4576320838928183,0,0,0,0,0
1.7666666666666666,-64.0,-11.2,2.8,0.0,0.0,0.0,1.0,0.15,0.1,UNOBSERVED_BODY_ENVELOPE,3.4576320838928183,0,0,0,0,0
1.7833333333333334,-64.0,-11.2,2.8,0.0,0.0,0.0,1.0,0.15,0.1,UNOBSERVED_BODY_ENVELOPE,3.4576320838928183,0,0,0,0,0
1.8,-64.0,-11.2,2.8,0.0,0.0,0.0,1.0,0.15,0.1,UNOBSERVED_BODY_ENVELOPE,3.4576320838928183,0,0,0,0,0
1.8166666666666667,-64.0,-11.2,2.8,0.0,0.0,0.0,1.0,0.15,0.1,UNOBSERVED_BODY_ENVELOPE,3.4576320838928183,0,0,0,0,0
1.8333333333333333,-64.0,-11.2,2.8,0.0,0.0,0.0,1.0,0.15,0.1,UNOBSERVED_BODY_ENVELOPE,3.4576320838928183,0,0,0,0,0
1.85,-64.0,-11.2,2.8,0.0,0.0,0.0,1.0,0.15,0.1,UNOBSERVED_BODY_ENVELOPE,3.4576320838928183,0,0,0,0,0
1.8666666666666667,-64.0,-11.2,2.8,0.0,0.0,0.0,1.0,0.15,0.1,UNOBSERVED_BODY_ENVELOPE,3.4576320838928183,0,0,0,0,0
1.8833333333333333,-64.0,-11.2,2.8,0.0,0.0,0.0,1.0,0.15,0.1,UNOBSERVED_BODY_ENVELOPE,3.4576320838928183,0,0,0,0,0
1.9,-64.0,-11.2,2.8,0.0,0.0,0.0,1.0,0.15,0.1,UNOBSERVED_BODY_ENVELOPE,3.4576320838928183,0,0,0,0,0
1.9166666666666667,-64.0,-11.2,2.8,0.0,0.0,0.0,1.0,0.15,0.1,UNOBSERVED_BODY_ENVELOPE,3.4576320838928183,0,0,0,0,0
1.9333333333333333,-64.0,-11.2,2.8,0.0,0.0,0.0,1.0,0.15,0.1,UNOBSERVED_BODY_ENVELOPE,3.4576320838928183,0,0,0,0,0
1.95,-64.0,-11.2,2.8,0.0,0.0,0.0,1.0,0.15,0.1,UNOBSERVED_BODY_ENVELOPE,3.4576320838928183,0,0,0,0,0
1.9666666666666666,-64.0,-11.2,2.8,0.0,0.0,0.0,1.0,0.15,0.1,UNOBSERVED_BODY_ENVELOPE,3.4576320838928183,0,0,0,0,0
1.9833333333333334,-64.0,-11.2,2.8,0.0,0.0,0.0,1.0,0.15,0.1,UNOBSERVED_BODY_ENVELOPE,3.4576320838928183,0,0,0,0,0
2.0,-64.0,-11.2,2.8,0.0,0.0,0.0,1.0,0.15,0.1,UNOBSERVED_BODY_ENVELOPE,3.4576320838928183,0,0,0,0,0
2.0166666666666666,-64.0,-11.2,2.8,0.0,0.0,0.0,1.0,0.15,0.1,UNOBSERVED_BODY_ENVELOPE,3.4576320838928183,0,0,0,0,0
2.033333333333333,-64.0,-11.2,2.8,0.0,0.0,0.0,1.0,0.15,0.1,UNOBSERVED_BODY_ENVELOPE,3.4576320838928183,0,0,0,0,0
2.05,-64.0,-11.2,2.8,0.0,0.0,0.0,1.0,0.15,0.1,UNOBSERVED_BODY_ENVELOPE,3.4576320838928183,0,0,0,0,0
2.066666666666667,-64.0,-11.2,2.8,0.0,0.0,0.0,1.0,0.15,0.1,UNOBSERVED_BODY_ENVELOPE,3.4576320838928183,0,0,0,0,0
2.0833333333333335,-64.0,-11.2,2.8,0.0,0.0,0.0,1.0,0.15,0.1,UNOBSERVED_BODY_ENVELOPE,3.4576320838928183,0,0,0,0,0
2.1,-64.0,-11.2,2.8,0.0,0.0,0.0,1.0,0.15,0.1,UNOBSERVED_BODY_ENVELOPE,3.4576320838928183,0,0,0,0,0
2.1166666666666667,-64.0,-11.2,2.8,0.0,0.0,0.0,1.0,0.15,0.1,UNOBSERVED_BODY_ENVELOPE,3.4576320838928183,0,0,0,0,0
2.1333333333333333,-64.0,-11.2,2.8,0.0,0.0,0.0,1.0,0.15,0.1,UNOBSERVED_BODY_ENVELOPE,3.4576320838928183,0,0,0,0,0
2.15,-64.0,-11.2,2.8,0.0,0.0,0.0,1.0,0.15,0.1,UNOBSERVED_BODY_ENVELOPE,3.4576320838928183,0,0,0,0,0
2.1666666666666665,-64.0,-11.2,2.8,0.0,0.0,0.0,1.0,0.15,0.1,UNOBSERVED_BODY_ENVELOPE,3.4576320838928183,0,0,0,0,0
2.183333333333333,-64.0,-11.2,2.8,0.0,0.0,0.0,1.0,0.15,0.1,UNOBSERVED_BODY_ENVELOPE,3.4576320838928183,0,0,0,0,0
2.2,-64.0,-11.2,2.8,0.0,0.0,0.0,1.0,0.15,0.1,UNOBSERVED_BODY_ENVELOPE,3.4576320838928183,0,0,0,0,0
2.216666666666667,-64.0,-11.2,2.8,0.0,0.0,0.0,1.0,0.15,0.1,UNOBSERVED_BODY_ENVELOPE,3.4576320838928183,0,0,0,0,0
2.2333333333333334,-64.0,-11.2,2.8,0.0,0.0,0.0,1.0,0.15,0.1,UNOBSERVED_BODY_ENVELOPE,3.4576320838928183,0,0,0,0,0
2.25,-64.0,-11.2,2.8,0.0,0.0,0.0,1.0,0.15,0.1,UNOBSERVED_BODY_ENVELOPE,3.4576320838928183,0,0,0,0,0
2.2666666666666666,-64.0,-11.2,2.8,0.0,0.0,0.0,1.0,0.15,0.1,UNOBSERVED_BODY_ENVELOPE,3.4576320838928183,0,0,0,0,0
2.283333333333333,-64.0,-11.2,2.8,0.0,0.0,0.0,1.0,0.15,0.1,UNOBSERVED_BODY_ENVELOPE,3.4576320838928183,0,0,0,0,0
2.3,-64.0,-11.2,2.8,0.0,0.0,0.0,1.0,0.15,0.1,UNOBSERVED_BODY_ENVELOPE,3.4576320838928183,0,0,0,0,0
2.316666666666667,-64.0,-11.2,2.8,0.0,0.0,0.0,1.0,0.15,0.1,UNOBSERVED_BODY_ENVELOPE,3.4576320838928183,0,0,0,0,0
2.3333333333333335,-64.0,-11.2,2.8,0.0,0.0,0.0,1.0,0.15,0.1,UNOBSERVED_BODY_ENVELOPE,3.4576320838928183,0,0,0,0,0
2.35,-64.0,-11.2,2.8,0.0,0.0,0.0,1.0,0.15,0.1,UNOBSERVED_BODY_ENVELOPE,3.4576320838928183,0,0,0,0,0
2.3666666666666667,-64.0,-11.2,2.8,0.0,0.0,0.0,1.0,0.15,0.1,UNOBSERVED_BODY_ENVELOPE,3.4576320838928183,0,0,0,0,0
2.3833333333333333,-64.0,-11.2,2.8,0.0,0.0,0.0,1.0,0.15,0.1,UNOBSERVED_BODY_ENVELOPE,3.4576320838928183,0,0,0,0,0
2.4,-64.0,-11.2,2.8,0.0,0.0,0.0,1.0,0.15,0.1,UNOBSERVED_BODY_ENVELOPE,3.4576320838928183,0,0,0,0,0
2.4166666666666665,-64.0,-11.2,2.8,0.0,0.0,0.0,1.0,0.15,0.1,UNOBSERVED_BODY_ENVELOPE,3.4576320838928183,0,0,0,0,0
2.433333333333333,-64.0,-11.2,2.8,0.0,0.0,0.0,1.0,0.15,0.1,UNOBSERVED_BODY_ENVELOPE,3.4576320838928183,0,0,0,0,0
2.45,-64.0,-11.2,2.8,0.0,0.0,0.0,1.0,0.15,0.1,UNOBSERVED_BODY_ENVELOPE,3.4576320838928183,0,0,0,0,0
2.466666666666667,-64.0,-11.2,2.8,0.0,0.0,0.0,1.0,0.15,0.1,UNOBSERVED_BODY_ENVELOPE,3.4576320838928183,0,0,0,0,0
2.4833333333333334,-64.0,-11.2,2.8,0.0,0.0,0.0,1.0,0.15,0.1,UNOBSERVED_BODY_ENVELOPE,3.4576320838928183,0,0,0,0,0
2.5,-64.0,-11.2,2.8,0.0,0.0,0.0,1.0,0.15,0.1,UNOBSERVED_BODY_ENVELOPE,3.4576320838928183,0,0,0,0,0
2.5166666666666666,-64.0,-11.2,2.8,0.0,0.0,0.0,1.0,0.15,0.1,UNOBSERVED_BODY_ENVELOPE,3.4576320838928183,0,0,0,0,0
2.533333333333333,-64.0,-11.2,2.8,0.0,0.0,0.0,1.0,0.15,0.1,UNOBSERVED_BODY_ENVELOPE,3.4576320838928183,0,0,0,0,0
2.55,-64.0,-11.2,2.8,0.0,0.0,0.0,1.0,0.15,0.1,UNOBSERVED_BODY_ENVELOPE,3.4576320838928183,0,0,0,0,0
2.566666666666667,-64.0,-11.2,2.8,0.0,0.0,0.0,1.0,0.15,0.1,UNOBSERVED_BODY_ENVELOPE,3.4576320838928183,0,0,0,0,0
2.5833333333333335,-64.0,-11.2,2.8,0.0,0.0,0.0,1.0,0.15,0.1,UNOBSERVED_BODY_ENVELOPE,3.4576320838928183,0,0,0,0,0
2.6,-64.0,-11.2,2.8,0.0,0.0,0.0,1.0,0.15,0.1,UNOBSERVED_BODY_ENVELOPE,3.4576320838928183,0,0,0,0,0
2.6166666666666667,-64.0,-11.2,2.8,0.0,0.0,0.0,1.0,0.15,0.1,UNOBSERVED_BODY_ENVELOPE,3.4576320838928183,0,0,0,0,0
2.6333333333333333,-64.0,-11.2,2.8,0.0,0.0,0.0,1.0,0.15,0.1,UNOBSERVED_BODY_ENVELOPE,3.4576320838928183,0,0,0,0,0
2.65,-64.0,-11.2,2.8,0.0,0.0,0.0,1.0,0.15,0.1,UNOBSERVED_BODY_ENVELOPE,3.4576320838928183,0,0,0,0,0
2.6666666666666665,-64.0,-11.2,2.8,0.0,0.0,0.0,1.0,0.15,0.1,UNOBSERVED_BODY_ENVELOPE,3.4576320838928183,0,0,0,0,0
2.683333333333333,-64.0,-11.2,2.8,0.0,0.0,0.0,1.0,0.15,0.1,UNOBSERVED_BODY_ENVELOPE,3.4576320838928183,0,0,0,0,0
2.7,-64.0,-11.2,2.8,0.0,0.0,0.0,1.0,0.15,0.1,UNOBSERVED_BODY_ENVELOPE,3.4576320838928183,0,0,0,0,0
2.716666666666667,-64.0,-11.2,2.8,0.0,0.0,0.0,1.0,0.15,0.1,UNOBSERVED_BODY_ENVELOPE,3.4576320838928183,0,0,0,0,0
2.7333333333333334,-64.0,-11.2,2.8,0.0,0.0,0.0,1.0,0.15,0.1,UNOBSERVED_BODY_ENVELOPE,3.4576320838928183,0,0,0,0,0
2.75,-64.0,-11.2,2.8,0.0,0.0,0.0,1.0,0.15,0.1,UNOBSERVED_BODY_ENVELOPE,3.4576320838928183,0,0,0,0,0
2.7666666666666666,-64.0,-11.2,2.8,0.0,0.0,0.0,1.0,0.15,0.1,UNOBSERVED_BODY_ENVELOPE,3.4576320838928183,0,0,0,0,0
2.783333333333333,-64.0,-11.2,2.8,0.0,0.0,0.0,1.0,0.15,0.1,UNOBSERVED_BODY_ENVELOPE,3.4576320838928183,0,0,0,0,0
2.8,-64.0,-11.2,2.8,0.0,0.0,0.0,1.0,0.15,0.1,UNOBSERVED_BODY_ENVELOPE,3.4576320838928183,0,0,0,0,0
2.816666666666667,-64.0,-11.2,2.8,0.0,0.0,0.0,1.0,0.15,0.1,UNOBSERVED_BODY_ENVELOPE,3.4576320838928183,0,0,0,0,0
2.8333333333333335,-64.0,-11.2,2.8,0.0,0.0,0.0,1.0,0.15,0.1,UNOBSERVED_BODY_ENVELOPE,3.4576320838928183,0,0,0,0,0
2.85,-64.0,-11.2,2.8,0.0,0.0,0.0,1.0,0.15,0.1,UNOBSERVED_BODY_ENVELOPE,3.4576320838928183,0,0,0,0,0
2.8666666666666667,-64.0,-11.2,2.8,0.0,0.0,0.0,1.0,0.15,0.1,UNOBSERVED_BODY_ENVELOPE,3.4576320838928183,0,0,0,0,0
2.8833333333333333,-64.0,-11.2,2.8,0.0,0.0,0.0,1.0,0.15,0.1,UNOBSERVED_BODY_ENVELOPE,3.4576320838928183,0,0,0,0,0
2.9,-64.0,-11.2,2.8,0.0,0.0,0.0,1.0,0.15,0.1,UNOBSERVED_BODY_ENVELOPE,3.4576320838928183,0,0,0,0,0
2.9166666666666665,-64.0,-11.2,2.8,0.0,0.0,0.0,1.0,0.15,0.1,UNOBSERVED_BODY_ENVELOPE,3.4576320838928183,0,0,0,0,0
2.933333333333333,-64.0,-11.2,2.8,0.0,0.0,0.0,1.0,0.15,0.1,UNOBSERVED_BODY_ENVELOPE,3.4576320838928183,0,0,0,0,0
2.95,-64.0,-11.2,2.8,0.0,0.0,0.0,1.0,0.15,0.1,UNOBSERVED_BODY_ENVELOPE,3.4576320838928183,0,0,0,0,0
2.966666666666667,-64.0,-11.2,2.8,0.0,0.0,0.0,1.0,0.15,0.1,UNOBSERVED_BODY_ENVELOPE,3.4576320838928183,0,0,0,0,0
2.9833333333333334,-64.0,-11.2,2.8,0.0,0.0,0.0,1.0,0.15,0.1,UNOBSERVED_BODY_ENVELOPE,3.4576320838928183,0,0,0,0,0
3.0,-64.0,-11.2,2.8,0.0,0.0,0.0,0.0,1.0,-0.1,UNOBSERVED_BODY_ENVELOPE,3.4576320838928183,0,0,0,0,0
3.0166666666666666,-64.0,-11.2,2.8,0.0,0.0,0.0,0.0,1.0,-0.1,UNOBSERVED_BODY_ENVELOPE,3.4576320838928183,0,0,0,0,0
3.033333333333333,-64.0,-11.2,2.8,0.0,0.0,0.0,0.0,1.0,-0.1,UNOBSERVED_BODY_ENVELOPE,3.4576320838928183,0,0,0,0,0
3.05,-64.0,-11.2,2.8,0.0,0.0,0.0,0.0,1.0,-0.1,UNOBSERVED_BODY_ENVELOPE,3.4576320838928183,0,0,0,0,0
3.066666666666667,-64.0,-11.2,2.8,0.0,0.0,0.0,0.0,1.0,-0.1,UNOBSERVED_BODY_ENVELOPE,3.4576320838928183,0,0,0,0,0
3.0833333333333335,-64.0,-11.2,2.8,0.0,0.0,0.0,0.0,1.0,-0.1,UNOBSERVED_BODY_ENVELOPE,3.4576320838928183,0,0,0,0,0
3.1,-64.0,-11.2,2.8,0.0,0.0,0.0,0.0,1.0,-0.1,UNOBSERVED_BODY_ENVELOPE,3.4576320838928183,0,0,0,0,0
3.1166666666666667,-64.0,-11.2,2.8,0.0,0.0,0.0,0.0,1.0,-0.1,UNOBSERVED_BODY_ENVELOPE,3.4576320838928183,0,0,0,0,0
3.1333333333333333,-64.0,-11.2,2.8,0.0,0.0,0.0,0.0,1.0,-0.1,UNOBSERVED_BODY_ENVELOPE,3.4576320838928183,0,0,0,0,0
3.15,-64.0,-11.2,2.8,0.0,0.0,0.0,0.0,1.0,-0.1,UNOBSERVED_BODY_ENVELOPE,3.4576320838928183,0,0,0,0,0
3.1666666666666665,-64.0,-11.2,2.8,0.0,0.0,0.0,0.0,1.0,-0.1,UNOBSERVED_BODY_ENVELOPE,3.4576320838928183,0,0,0,0,0
3.183333333333333,-64.0,-11.2,2.8,0.0,0.0,0.0,0.0,1.0,-0.1,UNOBSERVED_BODY_ENVELOPE,3.4576320838928183,0,0,0,0,0
3.2,-64.0,-11.2,2.8,0.0,0.0,0.0,0.0,1.0,-0.1,UNOBSERVED_BODY_ENVELOPE,3.4576320838928183,0,0,0,0,0
3.216666666666667,-64.0,-11.2,2.8,0.0,0.0,0.0,0.0,1.0,-0.1,UNOBSERVED_BODY_ENVELOPE,3.4576320838928183,0,0,0,0,0
3.2333333333333334,-64.0,-11.2,2.8,0.0,0.0,0.0,0.0,1.0,-0.1,UNOBSERVED_BODY_ENVELOPE,3.4576320838928183,0,0,0,0,0
3.25,-64.0,-11.2,2.8,0.0,0.0,0.0,0.0,1.0,-0.1,UNOBSERVED_BODY_ENVELOPE,3.4576320838928183,0,0,0,0,0
3.2666666666666666,-64.0,-11.2,2.8,0.0,0.0,0.0,0.0,1.0,-0.1,UNOBSERVED_BODY_ENVELOPE,3.4576320838928183,0,0,0,0,0
3.283333333333333,-64.0,-11.2,2.8,0.0,0.0,0.0,0.0,1.0,-0.1,UNOBSERVED_BODY_ENVELOPE,3.4576320838928183,0,0,0,0,0
3.3,-64.0,-11.2,2.8,0.0,0.0,0.0,0.0,1.0,-0.1,UNOBSERVED_BODY_ENVELOPE,3.4576320838928183,0,0,0,0,0
3.316666666666667,-64.0,-11.2,2.8,0.0,0.0,0.0,0.0,1.0,-0.1,UNOBSERVED_BODY_ENVELOPE,3.4576320838928183,0,0,0,0,0
3.3333333333333335,-64.0,-11.2,2.8,0.0,0.0,0.0,0.0,1.0,-0.1,UNOBSERVED_BODY_ENVELOPE,3.4576320838928183,0,0,0,0,0
3.35,-64.0,-11.2,2.8,0.0,0.0,0.0,0.0,1.0,-0.1,UNOBSERVED_BODY_ENVELOPE,3.4576320838928183,0,0,0,0,0
3.3666666666666667,-64.0,-11.2,2.8,0.0,0.0,0.0,0.0,1.0,-0.1,UNOBSERVED_BODY_ENVELOPE,3.4576320838928183,0,0,0,0,0
3.3833333333333333,-64.0,-11.2,2.8,0.0,0.0,0.0,0.0,1.0,-0.1,UNOBSERVED_BODY_ENVELOPE,3.4576320838928183,0,0,0,0,0
3.4,-64.0,-11.2,2.8,0.0,0.0,0.0,0.0,1.0,-0.1,UNOBSERVED_BODY_ENVELOPE,3.4576320838928183,0,0,0,0,0
3.4166666666666665,-64.0,-11.2,2.8,0.0,0.0,0.0,0.0,1.0,-0.1,UNOBSERVED_BODY_ENVELOPE,3.4576320838928183,0,0,0,0,0
3.433333333333333,-64.0,-11.2,2.8,0.0,0.0,0.0,0.0,1.0,-0.1,UNOBSERVED_BODY_ENVELOPE,3.4576320838928183,0,0,0,0,0
3.45,-64.0,-11.2,2.8,0.0,0.0,0.0,0.0,1.0,-0.1,UNOBSERVED_BODY_ENVELOPE,3.4576320838928183,0,0,0,0,0
3.466666666666667,-64.0,-11.2,2.8,0.0,0.0,0.0,0.0,1.0,-0.1,UNOBSERVED_BODY_ENVELOPE,3.4576320838928183,0,0,0,0,0
3.4833333333333334,-64.0,-11.2,2.8,0.0,0.0,0.0,0.0,1.0,-0.1,UNOBSERVED_BODY_ENVELOPE,3.4576320838928183,0,0,0,0,0
3.5,-64.0,-11.2,2.8,0.0,0.0,0.0,0.0,1.0,-0.1,UNOBSERVED_BODY_ENVELOPE,3.4576320838928183,0,0,0,0,0
3.5166666666666666,-64.0,-11.2,2.8,0.0,0.0,0.0,0.0,1.0,-0.1,UNOBSERVED_BODY_ENVELOPE,3.4576320838928183,0,0,0,0,0
3.533333333333333,-64.0,-11.2,2.8,0.0,0.0,0.0,0.0,1.0,-0.1,UNOBSERVED_BODY_ENVELOPE,3.4576320838928183,0,0,0,0,0
3.55,-64.0,-11.2,2.8,0.0,0.0,0.0,0.0,1.0,-0.1,UNOBSERVED_BODY_ENVELOPE,3.4576320838928183,0,0,0,0,0
3.566666666666667,-64.0,-11.2,2.8,0.0,0.0,0.0,0.0,1.0,-0.1,UNOBSERVED_BODY_ENVELOPE,3.4576320838928183,0,0,0,0,0
3.5833333333333335,-64.0,-11.2,2.8,0.0,0.0,0.0,0.0,1.0,-0.1,UNOBSERVED_BODY_ENVELOPE,3.4576320838928183,0,0,0,0,0
3.6,-64.0,-11.2,2.8,0.0,0.0,0.0,0.0,1.0,-0.1,UNOBSERVED_BODY_ENVELOPE,3.4576320838928183,0,0,0,0,0
3.6166666666666667,-64.0,-11.2,2.8,0.0,0.0,0.0,0.0,1.0,-0.1,UNOBSERVED_BODY_ENVELOPE,3.4576320838928183,0,0,0,0,0
3.6333333333333333,-64.0,-11.2,2.8,0.0,0.0,0.0,0.0,1.0,-0.1,UNOBSERVED_BODY_ENVELOPE,3.4576320838928183,0,0,0,0,0
3.65,-64.0,-11.2,2.8,0.0,0.0,0.0,0.0,1.0,-0.1,UNOBSERVED_BODY_ENVELOPE,3.4576320838928183,0,0,0,0,0
3.6666666666666665,-64.0,-11.2,2.8,0.0,0.0,0.0,0.0,1.0,-0.1,UNOBSERVED_BODY_ENVELOPE,3.4576320838928183,0,0,0,0,0
3.683333333333333,-64.0,-11.2,2.8,0.0,0.0,0.0,0.0,1.0,-0.1,UNOBSERVED_BODY_ENVELOPE,3.4576320838928183,0,0,0,0,0
3.7,-64.0,-11.2,2.8,0.0,0.0,0.0,0.0,1.0,-0.1,UNOBSERVED_BODY_ENVELOPE,3.4576320838928183,0,0,0,0,0
3.716666666666667,-64.0,-11.2,2.8,0.0,0.0,0.0,0.0,1.0,-0.1,UNOBSERVED_BODY_ENVELOPE,3.4576320838928183,0,0,0,0,0
3.7333333333333334,-64.0,-11.2,2.8,0.0,0.0,0.0,0.0,1.0,-0.1,UNOBSERVED_BODY_ENVELOPE,3.4576320838928183,0,0,0,0,0
3.75,-64.0,-11.2,2.8,0.0,0.0,0.0,0.0,1.0,-0.1,UNOBSERVED_BODY_ENVELOPE,3.4576320838928183,0,0,0,0,0
3.7666666666666666,-64.0,-11.2,2.8,0.0,0.0,0.0,0.0,1.0,-0.1,UNOBSERVED_BODY_ENVELOPE,3.4576320838928183,0,0,0,0,0
3.783333333333333,-64.0,-11.2,2.8,0.0,0.0,0.0,0.0,1.0,-0.1,UNOBSERVED_BODY_ENVELOPE,3.4576320838928183,0,0,0,0,0
3.8,-64.0,-11.2,2.8,0.0,0.0,0.0,0.0,1.0,-0.1,UNOBSERVED_BODY_ENVELOPE,3.4576320838928183,0,0,0,0,0
3.816666666666667,-64.0,-11.2,2.8,0.0,0.0,0.0,0.0,1.0,-0.1,UNOBSERVED_BODY_ENVELOPE,3.4576320838928183,0,0,0,0,0
3.8333333333333335,-64.0,-11.2,2.8,0.0,0.0,0.0,0.0,1.0,-0.1,UNOBSERVED_BODY_ENVELOPE,3.4576320838928183,0,0,0,0,0
3.85,-64.0,-11.2,2.8,0.0,0.0,0.0,0.0,1.0,-0.1,UNOBSERVED_BODY_ENVELOPE,3.4576320838928183,0,0,0,0,0
3.8666666666666667,-64.0,-11.2,2.8,0.0,0.0,0.0,0.0,1.0,-0.1,UNOBSERVED_BODY_ENVELOPE,3.4576320838928183,0,0,0,0,0
3.8833333333333333,-64.0,-11.2,2.8,0.0,0.0,0.0,0.0,1.0,-0.1,UNOBSERVED_BODY_ENVELOPE,3.4576320838928183,0,0,0,0,0
3.9,-64.0,-11.2,2.8,0.0,0.0,0.0,0.0,1.0,-0.1,UNOBSERVED_BODY_ENVELOPE,3.4576320838928183,0,0,0,0,0
3.9166666666666665,-64.0,-11.2,2.8,0.0,0.0,0.0,0.0,1.0,-0.1,UNOBSERVED_BODY_ENVELOPE,3.4576320838928183,0,0,0,0,0
3.933333333333333,-64.0,-11.2,2.8,0.0,0.0,0.0,0.0,1.0,-0.1,UNOBSERVED_BODY_ENVELOPE,3.4576320838928183,0,0,0,0,0
3.95,-64.0,-11.2,2.8,0.0,0.0,0.0,0.0,1.0,-0.1,UNOBSERVED_BODY_ENVELOPE,3.4576320838928183,0,0,0,0,0
3.966666666666667,-64.0,-11.2,2.8,0.0,0.0,0.0,0.0,1.0,-0.1,UNOBSERVED_BODY_ENVELOPE,3.4576320838928183,0,0,0,0,0
3.9833333333333334,-64.0,-11.2,2.8,0.0,0.0,0.0,0.0,1.0,-0.1,UNOBSERVED_BODY_ENVELOPE,3.4576320838928183,0,0,0,0,0
4.0,-64.0,-11.2,2.8,0.0,0.0,0.0,0.0,1.0,-0.1,UNOBSERVED_BODY_ENVELOPE,3.4576320838928183,0,0,0,0,0
4.016666666666667,-64.0,-11.2,2.8,0.0,0.0,0.0,0.0,1.0,-0.1,UNOBSERVED_BODY_ENVELOPE,3.4576320838928183,0,0,0,0,0
4.033333333333333,-64.0,-11.2,2.8,0.0,0.0,0.0,0.0,1.0,-0.1,UNOBSERVED_BODY_ENVELOPE,3.4576320838928183,0,0,0,0,0
4.05,-64.0,-11.2,2.8,0.0,0.0,0.0,0.0,1.0,-0.1,UNOBSERVED_BODY_ENVELOPE,3.4576320838928183,0,0,0,0,0
4.066666666666666,-64.0,-11.2,2.8,0.0,0.0,0.0,0.0,1.0,-0.1,UNOBSERVED_BODY_ENVELOPE,3.4576320838928183,0,0,0,0,0
4.083333333333333,-64.0,-11.2,2.8,0.0,0.0,0.0,0.0,1.0,-0.1,UNOBSERVED_BODY_ENVELOPE,3.4576320838928183,0,0,0,0,0
4.1,-64.0,-11.2,2.8,0.0,0.0,0.0,0.0,1.0,-0.1,UNOBSERVED_BODY_ENVELOPE,3.4576320838928183,0,0,0,0,0
4.116666666666666,-64.0,-11.2,2.8,0.0,0.0,0.0,0.0,1.0,-0.1,UNOBSERVED_BODY_ENVELOPE,3.4576320838928183,0,0,0,0,0
4.133333333333334,-64.0,-11.2,2.8,0.0,0.0,0.0,0.0,1.0,-0.1,UNOBSERVED_BODY_ENVELOPE,3.4576320838928183,0,0,0,0,0
4.15,-64.0,-11.2,2.8,0.0,0.0,0.0,0.0,1.0,-0.1,UNOBSERVED_BODY_ENVELOPE,3.4576320838928183,0,0,0,0,0
4.166666666666667,-64.0,-11.2,2.8,0.0,0.0,0.0,0.0,1.0,-0.1,UNOBSERVED_BODY_ENVELOPE,3.4576320838928183,0,0,0,0,0
4.183333333333334,-64.0,-11.2,2.8,0.0,0.0,0.0,0.0,1.0,-0.1,UNOBSERVED_BODY_ENVELOPE,3.4576320838928183,0,0,0,0,0
4.2,-64.0,-11.2,2.8,0.0,0.0,0.0,0.0,1.0,-0.1,UNOBSERVED_BODY_ENVELOPE,3.4576320838928183,0,0,0,0,0
4.216666666666667,-64.0,-11.2,2.8,0.0,0.0,0.0,0.0,1.0,-0.1,UNOBSERVED_BODY_ENVELOPE,3.4576320838928183,0,0,0,0,0
4.233333333333333,-64.0,-11.2,2.8,0.0,0.0,0.0,0.0,1.0,-0.1,UNOBSERVED_BODY_ENVELOPE,3.4576320838928183,0,0,0,0,0
4.25,-64.0,-11.2,2.8,0.0,0.0,0.0,0.0,1.0,-0.1,UNOBSERVED_BODY_ENVELOPE,3.4576320838928183,0,0,0,0,0
4.266666666666667,-64.0,-11.2,2.8,0.0,0.0,0.0,0.0,1.0,-0.1,UNOBSERVED_BODY_ENVELOPE,3.4576320838928183,0,0,0,0,0
4.283333333333333,-64.0,-11.2,2.8,0.0,0.0,0.0,0.0,1.0,-0.1,UNOBSERVED_BODY_ENVELOPE,3.4576320838928183,0,0,0,0,0
4.3,-64.0,-11.2,2.8,0.0,0.0,0.0,0.0,1.0,-0.1,UNOBSERVED_BODY_ENVELOPE,3.4576320838928183,0,0,0,0,0
4.316666666666666,-64.0,-11.2,2.8,0.0,0.0,0.0,0.0,1.0,-0.1,UNOBSERVED_BODY_ENVELOPE,3.4576320838928183,0,0,0,0,0
4.333333333333333,-64.0,-11.2,2.8,0.0,0.0,0.0,0.0,1.0,-0.1,UNOBSERVED_BODY_ENVELOPE,3.4576320838928183,0,0,0,0,0
4.35,-64.0,-11.2,2.8,0.0,0.0,0.0,0.0,1.0,-0.1,UNOBSERVED_BODY_ENVELOPE,3.4576320838928183,0,0,0,0,0
4.366666666666666,-64.0,-11.2,2.8,0.0,0.0,0.0,0.0,1.0,-0.1,UNOBSERVED_BODY_ENVELOPE,3.4576320838928183,0,0,0,0,0
4.383333333333334,-64.0,-11.2,2.8,0.0,0.0,0.0,0.0,1.0,-0.1,UNOBSERVED_BODY_ENVELOPE,3.4576320838928183,0,0,0,0,0
4.4,-64.0,-11.2,2.8,0.0,0.0,0.0,0.0,1.0,-0.1,UNOBSERVED_BODY_ENVELOPE,3.4576320838928183,0,0,0,0,0
4.416666666666667,-64.0,-11.2,2.8,0.0,0.0,0.0,0.0,1.0,-0.1,UNOBSERVED_BODY_ENVELOPE,3.4576320838928183,0,0,0,0,0
4.433333333333334,-64.0,-11.2,2.8,0.0,0.0,0.0,0.0,1.0,-0.1,UNOBSERVED_BODY_ENVELOPE,3.4576320838928183,0,0,0,0,0
4.45,-64.0,-11.2,2.8,0.0,0.0,0.0,0.0,1.0,-0.1,UNOBSERVED_BODY_ENVELOPE,3.4576320838928183,0,0,0,0,0
4.466666666666667,-64.0,-11.2,2.8,0.0,0.0,0.0,0.0,1.0,-0.1,UNOBSERVED_BODY_ENVELOPE,3.4576320838928183,0,0,0,0,0
4.483333333333333,-64.0,-11.2,2.8,0.0,0.0,0.0,0.0,1.0,-0.1,UNOBSERVED_BODY_ENVELOPE,3.4576320838928183,0,0,0,0,0
4.5,-64.0,-11.2,2.8,0.0,0.0,0.0,0.0,1.0,-0.1,UNOBSERVED_BODY_ENVELOPE,3.4576320838928183,0,0,0,0,0
4.516666666666667,-64.0,-11.2,2.8,0.0,0.0,0.0,0.0,1.0,-0.1,UNOBSERVED_BODY_ENVELOPE,3.4576320838928183,0,0,0,0,0
4.533333333333333,-64.0,-11.2,2.8,0.0,0.0,0.0,0.0,1.0,-0.1,UNOBSERVED_BODY_ENVELOPE,3.4576320838928183,0,0,0,0,0
4.55,-64.0,-11.2,2.8,0.0,0.0,0.0,0.0,1.0,-0.1,UNOBSERVED_BODY_ENVELOPE,3.4576320838928183,0,0,0,0,0
4.566666666666666,-64.0,-11.2,2.8,0.0,0.0,0.0,0.0,1.0,-0.1,UNOBSERVED_BODY_ENVELOPE,3.4576320838928183,0,0,0,0,0
4.583333333333333,-64.0,-11.2,2.8,0.0,0.0,0.0,0.0,1.0,-0.1,UNOBSERVED_BODY_ENVELOPE,3.4576320838928183,0,0,0,0,0
4.6,-64.0,-11.2,2.8,0.0,0.0,0.0,0.0,1.0,-0.1,UNOBSERVED_BODY_ENVELOPE,3.4576320838928183,0,0,0,0,0
4.616666666666666,-64.0,-11.2,2.8,0.0,0.0,0.0,0.0,1.0,-0.1,UNOBSERVED_BODY_ENVELOPE,3.4576320838928183,0,0,0,0,0
4.633333333333334,-64.0,-11.2,2.8,0.0,0.0,0.0,0.0,1.0,-0.1,UNOBSERVED_BODY_ENVELOPE,3.4576320838928183,0,0,0,0,0
4.65,-64.0,-11.2,2.8,0.0,0.0,0.0,0.0,1.0,-0.1,UNOBSERVED_BODY_ENVELOPE,3.4576320838928183,0,0,0,0,0
4.666666666666667,-64.0,-11.2,2.8,0.0,0.0,0.0,0.0,1.0,-0.1,UNOBSERVED_BODY_ENVELOPE,3.4576320838928183,0,0,0,0,0
4.683333333333334,-64.0,-11.2,2.8,0.0,0.0,0.0,0.0,1.0,-0.1,UNOBSERVED_BODY_ENVELOPE,3.4576320838928183,0,0,0,0,0
4.7,-64.0,-11.2,2.8,0.0,0.0,0.0,0.0,1.0,-0.1,UNOBSERVED_BODY_ENVELOPE,3.4576320838928183,0,0,0,0,0
4.716666666666667,-64.0,-11.2,2.8,0.0,0.0,0.0,0.0,1.0,-0.1,UNOBSERVED_BODY_ENVELOPE,3.4576320838928183,0,0,0,0,0
4.733333333333333,-64.0,-11.2,2.8,0.0,0.0,0.0,0.0,1.0,-0.1,UNOBSERVED_BODY_ENVELOPE,3.4576320838928183,0,0,0,0,0
4.75,-64.0,-11.2,2.8,0.0,0.0,0.0,0.0,1.0,-0.1,UNOBSERVED_BODY_ENVELOPE,3.4576320838928183,0,0,0,0,0
4.766666666666667,-64.0,-11.2,2.8,0.0,0.0,0.0,0.0,1.0,-0.1,UNOBSERVED_BODY_ENVELOPE,3.4576320838928183,0,0,0,0,0
4.783333333333333,-64.0,-11.2,2.8,0.0,0.0,0.0,0.0,1.0,-0.1,UNOBSERVED_BODY_ENVELOPE,3.4576320838928183,0,0,0,0,0
4.8,-64.0,-11.2,2.8,0.0,0.0,0.0,0.0,1.0,-0.1,UNOBSERVED_BODY_ENVELOPE,3.4576320838928183,0,0,0,0,0
4.816666666666666,-64.0,-11.2,2.8,0.0,0.0,0.0,0.0,1.0,-0.1,UNOBSERVED_BODY_ENVELOPE,3.4576320838928183,0,0,0,0,0
4.833333333333333,-64.0,-11.2,2.8,0.0,0.0,0.0,0.0,1.0,-0.1,UNOBSERVED_BODY_ENVELOPE,3.4576320838928183,0,0,0,0,0
4.85,-64.0,-11.2,2.8,0.0,0.0,0.0,0.0,1.0,-0.1,UNOBSERVED_BODY_ENVELOPE,3.4576320838928183,0,0,0,0,0
4.866666666666666,-64.0,-11.2,2.8,0.0,0.0,0.0,0.0,1.0,-0.1,UNOBSERVED_BODY_ENVELOPE,3.4576320838928183,0,0,0,0,0
4.883333333333334,-64.0,-11.2,2.8,0.0,0.0,0.0,0.0,1.0,-0.1,UNOBSERVED_BODY_ENVELOPE,3.4576320838928183,0,0,0,0,0
4.9,-64.0,-11.2,2.8,0.0,0.0,0.0,0.0,1.0,-0.1,UNOBSERVED_BODY_ENVELOPE,3.4576320838928183,0,0,0,0,0
4.916666666666667,-64.0,-11.2,2.8,0.0,0.0,0.0,0.0,1.0,-0.1,UNOBSERVED_BODY_ENVELOPE,3.4576320838928183,0,0,0,0,0
4.933333333333334,-64.0,-11.2,2.8,0.0,0.0,0.0,0.0,1.0,-0.1,UNOBSERVED_BODY_ENVELOPE,3.4576320838928183,0,0,0,0,0
4.95,-64.0,-11.2,2.8,0.0,0.0,0.0,0.0,1.0,-0.1,UNOBSERVED_BODY_ENVELOPE,3.4576320838928183,0,0,0,0,0
4.966666666666667,-64.0,-11.2,2.8,0.0,0.0,0.0,0.0,1.0,-0.1,UNOBSERVED_BODY_ENVELOPE,3.4576320838928183,0,0,0,0,0
4.983333333333333,-64.0,-11.2,2.8,0.0,0.0,0.0,0.0,1.0,-0.1,UNOBSERVED_BODY_ENVELOPE,3.4576320838928183,0,0,0,0,0
5.0,-64.0,-11.2,2.8,0.0,0.0,0.0,0.0,0.0,0.0,UNOBSERVED_BODY_ENVELOPE,3.4576320838928183,0,0,0,0,0
5.016666666666667,-64.0,-11.2,2.8,0.0,0.0,0.0,0.0,0.0,0.0,UNOBSERVED_BODY_ENVELOPE,3.4576320838928183,0,0,0,0,0
5.033333333333333,-64.0,-11.2,2.8,0.0,0.0,0.0,0.0,0.0,0.0,UNOBSERVED_BODY_ENVELOPE,3.4576320838928183,0,0,0,0,0
5.05,-64.0,-11.2,2.8,0.0,0.0,0.0,0.0,0.0,0.0,ZERO_INTENT,3.4576320838928183,0,0,0,0,0
5.066666666666666,-64.0,-11.2,2.8,0.0,0.0,0.0,0.0,0.0,0.0,ZERO_INTENT,3.4576320838928183,0,0,0,0,0
5.083333333333333,-64.0,-11.2,2.8,0.0,0.0,0.0,0.0,0.0,0.0,ZERO_INTENT,3.4576320838928183,0,0,0,0,0
5.1,-64.0,-11.2,2.8,0.0,0.0,0.0,0.0,0.0,0.0,ZERO_INTENT,3.4576320838928183,0,0,0,0,0
5.116666666666666,-64.0,-11.2,2.8,0.0,0.0,0.0,0.0,0.0,0.0,ZERO_INTENT,3.4576320838928183,0,0,0,0,0
5.133333333333334,-64.0,-11.2,2.8,0.0,0.0,0.0,0.0,0.0,0.0,ZERO_INTENT,3.4576320838928183,0,0,0,0,0
5.15,-64.0,-11.2,2.8,0.0,0.0,0.0,0.0,0.0,0.0,ZERO_INTENT,3.4576320838928183,0,0,0,0,0
5.166666666666667,-64.0,-11.2,2.8,0.0,0.0,0.0,0.0,0.0,0.0,ZERO_INTENT,3.4576320838928183,0,0,0,0,0
5.183333333333334,-64.0,-11.2,2.8,0.0,0.0,0.0,0.0,0.0,0.0,ZERO_INTENT,3.4576320838928183,0,0,0,0,0
5.2,-64.0,-11.2,2.8,0.0,0.0,0.0,0.0,0.0,0.0,ZERO_INTENT,3.4576320838928183,0,0,0,0,0
5.216666666666667,-64.0,-11.2,2.8,0.0,0.0,0.0,0.0,0.0,0.0,ZERO_INTENT,3.4576320838928183,0,0,0,0,0
5.233333333333333,-64.0,-11.2,2.8,0.0,0.0,0.0,0.0,0.0,0.0,ZERO_INTENT,3.4576320838928183,0,0,0,0,0
5.25,-64.0,-11.2,2.8,0.0,0.0,0.0,0.0,0.0,0.0,ZERO_INTENT,3.4576320838928183,0,0,0,0,0
5.266666666666667,-64.0,-11.2,2.8,0.0,0.0,0.0,0.0,0.0,0.0,ZERO_INTENT,3.4576320838928183,0,0,0,0,0
5.283333333333333,-64.0,-11.2,2.8,0.0,0.0,0.0,0.0,0.0,0.0,ZERO_INTENT,3.4576320838928183,0,0,0,0,0
5.3,-64.0,-11.2,2.8,0.0,0.0,0.0,0.0,0.0,0.0,ZERO_INTENT,3.4576320838928183,0,0,0,0,0
5.316666666666666,-64.0,-11.2,2.8,0.0,0.0,0.0,0.0,0.0,0.0,ZERO_INTENT,3.4576320838928183,0,0,0,0,0
5.333333333333333,-64.0,-11.2,2.8,0.0,0.0,0.0,0.0,0.0,0.0,ZERO_INTENT,3.4576320838928183,0,0,0,0,0
5.35,-64.0,-11.2,2.8,0.0,0.0,0.0,0.0,0.0,0.0,ZERO_INTENT,3.4576320838928183,0,0,0,0,0
5.366666666666666,-64.0,-11.2,2.8,0.0,0.0,0.0,0.0,0.0,0.0,ZERO_INTENT,3.4576320838928183,0,0,0,0,0
5.383333333333334,-64.0,-11.2,2.8,0.0,0.0,0.0,0.0,0.0,0.0,ZERO_INTENT,3.4576320838928183,0,0,0,0,0
5.4,-64.0,-11.2,2.8,0.0,0.0,0.0,0.0,0.0,0.0,ZERO_INTENT,3.4576320838928183,0,0,0,0,0
5.416666666666667,-64.0,-11.2,2.8,0.0,0.0,0.0,0.0,0.0,0.0,ZERO_INTENT,3.4576320838928183,0,0,0,0,0
5.433333333333334,-64.0,-11.2,2.8,0.0,0.0,0.0,0.0,0.0,0.0,ZERO_INTENT,3.4576320838928183,0,0,0,0,0
5.45,-64.0,-11.2,2.8,0.0,0.0,0.0,0.0,0.0,0.0,ZERO_INTENT,3.4576320838928183,0,0,0,0,0
5.466666666666667,-64.0,-11.2,2.8,0.0,0.0,0.0,0.0,0.0,0.0,ZERO_INTENT,3.4576320838928183,0,0,0,0,0
5.483333333333333,-64.0,-11.2,2.8,0.0,0.0,0.0,0.0,0.0,0.0,ZERO_INTENT,3.4576320838928183,0,0,0,0,0
5.5,-64.0,-11.2,2.8,0.0,0.0,0.0,0.0,0.0,0.0,ZERO_INTENT,3.4576320838928183,0,0,0,0,0
5.516666666666667,-64.0,-11.2,2.8,0.0,0.0,0.0,0.0,0.0,0.0,ZERO_INTENT,3.4576320838928183,0,0,0,0,0
5.533333333333333,-64.0,-11.2,2.8,0.0,0.0,0.0,0.0,0.0,0.0,ZERO_INTENT,3.4576320838928183,0,0,0,0,0
5.55,-64.0,-11.2,2.8,0.0,0.0,0.0,0.0,0.0,0.0,ZERO_INTENT,3.4576320838928183,0,0,0,0,0
5.566666666666666,-64.0,-11.2,2.8,0.0,0.0,0.0,0.0,0.0,0.0,ZERO_INTENT,3.4576320838928183,0,0,0,0,0
5.583333333333333,-64.0,-11.2,2.8,0.0,0.0,0.0,0.0,0.0,0.0,ZERO_INTENT,3.4576320838928183,0,0,0,0,0
5.6,-64.0,-11.2,2.8,0.0,0.0,0.0,0.0,0.0,0.0,ZERO_INTENT,3.4576320838928183,0,0,0,0,0
5.616666666666666,-64.0,-11.2,2.8,0.0,0.0,0.0,0.0,0.0,0.0,ZERO_INTENT,3.4576320838928183,0,0,0,0,0
5.633333333333334,-64.0,-11.2,2.8,0.0,0.0,0.0,0.0,0.0,0.0,ZERO_INTENT,3.4576320838928183,0,0,0,0,0
5.65,-64.0,-11.2,2.8,0.0,0.0,0.0,0.0,0.0,0.0,ZERO_INTENT,3.4576320838928183,0,0,0,0,0
5.666666666666667,-64.0,-11.2,2.8,0.0,0.0,0.0,0.0,0.0,0.0,ZERO_INTENT,3.4576320838928183,0,0,0,0,0
5.683333333333334,-64.0,-11.2,2.8,0.0,0.0,0.0,0.0,0.0,0.0,ZERO_INTENT,3.4576320838928183,0,0,0,0,0
5.7,-64.0,-11.2,2.8,0.0,0.0,0.0,0.0,0.0,0.0,ZERO_INTENT,3.4576320838928183,0,0,0,0,0
5.716666666666667,-64.0,-11.2,2.8,0.0,0.0,0.0,0.0,0.0,0.0,ZERO_INTENT,3.4576320838928183,0,0,0,0,0
5.733333333333333,-64.0,-11.2,2.8,0.0,0.0,0.0,0.0,0.0,0.0,ZERO_INTENT,3.4576320838928183,0,0,0,0,0
5.75,-64.0,-11.2,2.8,0.0,0.0,0.0,0.0,0.0,0.0,ZERO_INTENT,3.4576320838928183,0,0,0,0,0
5.766666666666667,-64.0,-11.2,2.8,0.0,0.0,0.0,0.0,0.0,0.0,ZERO_INTENT,3.4576320838928183,0,0,0,0,0
5.783333333333333,-64.0,-11.2,2.8,0.0,0.0,0.0,0.0,0.0,0.0,ZERO_INTENT,3.4576320838928183,0,0,0,0,0
5.8,-64.0,-11.2,2.8,0.0,0.0,0.0,0.0,0.0,0.0,ZERO_INTENT,3.4576320838928183,0,0,0,0,0
5.816666666666666,-64.0,-11.2,2.8,0.0,0.0,0.0,0.0,0.0,0.0,ZERO_INTENT,3.4576320838928183,0,0,0,0,0
5.833333333333333,-64.0,-11.2,2.8,0.0,0.0,0.0,0.0,0.0,0.0,ZERO_INTENT,3.4576320838928183,0,0,0,0,0
5.85,-64.0,-11.2,2.8,0.0,0.0,0.0,0.0,0.0,0.0,ZERO_INTENT,3.4576320838928183,0,0,0,0,0
5.866666666666666,-64.0,-11.2,2.8,0.0,0.0,0.0,0.0,0.0,0.0,ZERO_INTENT,3.4576320838928183,0,0,0,0,0
5.883333333333334,-64.0,-11.2,2.8,0.0,0.0,0.0,0.0,0.0,0.0,ZERO_INTENT,3.4576320838928183,0,0,0,0,0
5.9,-64.0,-11.2,2.8,0.0,0.0,0.0,0.0,0.0,0.0,ZERO_INTENT,3.4576320838928183,0,0,0,0,0
5.916666666666667,-64.0,-11.2,2.8,0.0,0.0,0.0,0.0,0.0,0.0,ZERO_INTENT,3.4576320838928183,0,0,0,0,0
5.933333333333334,-64.0,-11.2,2.8,0.0,0.0,0.0,0.0,0.0,0.0,ZERO_INTENT,3.4576320838928183,0,0,0,0,0
5.95,-64.0,-11.2,2.8,0.0,0.0,0.0,0.0,0.0,0.0,ZERO_INTENT,3.4576320838928183,0,0,0,0,0
5.966666666666667,-64.0,-11.2,2.8,0.0,0.0,0.0,0.0,0.0,0.0,ZERO_INTENT,3.4576320838928183,0,0,0,0,0
5.983333333333333,-64.0,-11.2,2.8,0.0,0.0,0.0,0.0,0.0,0.0,ZERO_INTENT,3.4576320838928183,0,0,0,0,0
6.0,-64.0,-11.2,2.8,0.0,0.0,0.0,0.0,0.0,0.0,ZERO_INTENT,3.4576320838928183,0,0,0,0,0
6.016666666666667,-64.0,-11.2,2.8,0.0,0.0,0.0,0.0,0.0,0.0,ZERO_INTENT,3.4576320838928183,0,0,0,0,0
